{  "course": "CIS-560-401",  "instructor": "NORMAN I BADLER",  "enrollment": 39,  "courseQuality": 2.65,  "courseDifficulty": 2.77,  "instructorQuality": 3.10 }
{  "course": "CIS-560-401",  "instructor": "NORMAN I BADLER",  "enrollment": 34,  "courseQuality": 2.68,  "courseDifficulty": 3.44,  "instructorQuality": 3.12 }
{  "course": "CIS-560-401",  "instructor": "NORMAN I BADLER",  "enrollment": 55,  "courseQuality": 3.15,  "courseDifficulty": 3.12,  "instructorQuality": 3.36 }
{  "course": "CIS-560-401",  "instructor": "NORMAN I BADLER",  "enrollment": 46,  "courseQuality": 2.78,  "courseDifficulty": 3.47,  "instructorQuality": 3.03 }
{  "course": "CIS-560-401",  "instructor": "NORMAN I BADLER",  "enrollment": 31,  "courseQuality": 2.77,  "courseDifficulty": 3.08,  "instructorQuality": 3.04 }
{  "course": "CIS-560-401",  "instructor": "NORMAN I BADLER",  "enrollment": 49,  "courseQuality": 2.95,  "courseDifficulty": 3.19,  "instructorQuality": 2.73 }
{  "course": "CIS-560-401",  "instructor": "NORMAN I BADLER",  "enrollment": 66,  "courseQuality": 3.12,  "courseDifficulty": 3.24,  "instructorQuality": 3.18 }
{  "course": "CIS-560-401",  "instructor": "NORMAN I BADLER",  "enrollment": 52,  "courseQuality": 3.02,  "courseDifficulty": 3.06,  "instructorQuality": 3.00 }
{  "course": "CIS-560-401",  "instructor": "NORMAN I BADLER",  "enrollment": 52,  "courseQuality": 3.14,  "courseDifficulty": 3.23,  "instructorQuality": 2.89 }
{  "course": "CIS-570-001",  "instructor": "E CHRISTOPHER LEWIS",  "enrollment": 9,  "courseQuality": 2.75,  "courseDifficulty": 3.25,  "instructorQuality": 3.13 }
{  "course": "CIS-570-001",  "instructor": "E CHRISTOPHER LEWIS",  "enrollment": 8,  "courseQuality": 3.29,  "courseDifficulty": 2.83,  "instructorQuality": 3.43 }
{  "course": "CIS-570-001",  "instructor": "E CHRISTOPHER LEWIS",  "enrollment": 13,  "courseQuality": 3.46,  "courseDifficulty": 1.62,  "instructorQuality": 3.92 }
{  "course": "CIS-580-001",  "instructor": "CAMILLO JOSE TAYLOR",  "enrollment": 14,  "courseQuality": 3.00,  "courseDifficulty": 3.36,  "instructorQuality": 3.09 }
{  "course": "CIS-580-001",  "instructor": "JIANBO SHI",  "enrollment": 17,  "courseQuality": 1.53,  "courseDifficulty": 3.40,  "instructorQuality": 1.73 }
{  "course": "CIS-580-001",  "instructor": "JIANBO SHI",  "enrollment": 17,  "courseQuality": 3.15,  "courseDifficulty": 3.00,  "instructorQuality": 3.23 }
{  "course": "CIS-580-001",  "instructor": "KONSTANTINOS DANIILIDIS",  "enrollment": 11,  "courseQuality": 2.50,  "courseDifficulty": 3.10,  "instructorQuality": 2.60 }
{  "course": "CIS-580-001",  "instructor": "KONSTANTINOS DANIILIDIS",  "enrollment": 19,  "courseQuality": 2.12,  "courseDifficulty": 2.88,  "instructorQuality": 2.18 }
{  "course": "CIS-580-001",  "instructor": "KONSTANTINOS DANIILIDIS",  "enrollment": 20,  "courseQuality": 2.55,  "courseDifficulty": 3.17,  "instructorQuality": 2.65 }
{  "course": "CIS-580-001",  "instructor": "KONSTANTINOS DANIILIDIS",  "enrollment": 18,  "courseQuality": 2.42,  "courseDifficulty": 3.18,  "instructorQuality": 2.33 }
{  "course": "CIS-580-001",  "instructor": "KONSTANTINOS DANIILIDIS",  "enrollment": 27,  "courseQuality": 2.36,  "courseDifficulty": 3.11,  "instructorQuality": 2.45 }
{  "course": "CIS-580-001",  "instructor": "KONSTANTINOS DANIILIDIS",  "enrollment": 31,  "courseQuality": 2.79,  "courseDifficulty": 3.30,  "instructorQuality": 2.46 }
{  "course": "CIS-580-001",  "instructor": "KONSTANTINOS DANIILIDIS",  "enrollment": 32,  "courseQuality": 2.24,  "courseDifficulty": 2.96,  "instructorQuality": 2.48 }
{  "course": "CIS-580-001",  "instructor": "KONSTANTINOS DANIILIDIS",  "enrollment": 10,  "courseQuality": 3.40,  "courseDifficulty": 3.00,  "instructorQuality": 3.40 }
{  "course": "BIOL-537-401",  "instructor": "WARREN J. EWENS",  "enrollment": 26,  "courseQuality": 3.00,  "courseDifficulty": 2.50,  "instructorQuality": 3.50 }
{  "course": "BIOL-537-401",  "instructor": "SAMPATH K. KANNAN",  "enrollment": 35,  "courseQuality": 2.29,  "courseDifficulty": 3.14,  "instructorQuality": 3.00 }
{  "course": "BIOL-537-401",  "instructor": "WARREN J. EWENS",  "enrollment": 35,  "courseQuality": 2.25,  "courseDifficulty": 2.94,  "instructorQuality": 3.25 }
{  "course": "BIOL-537-401",  "instructor": "WARREN J. EWENS",  "enrollment": 10,  "courseQuality": 3.00,  "courseDifficulty": 2.50,  "instructorQuality": 3.75 }
{  "course": "BIOL-537-401",  "instructor": "SAMPATH K. KANNAN",  "enrollment": 14,  "courseQuality": 3.45,  "courseDifficulty": 3.09,  "instructorQuality": 3.45 }
{  "course": "BIOL-537-401",  "instructor": "WARREN J. EWENS",  "enrollment": 14,  "courseQuality": 3.45,  "courseDifficulty": 3.00,  "instructorQuality": 3.55 }
{  "course": "CSE-410-401",  "instructor": "JEAN HENRI GALLIER",  "enrollment": 7,  "courseQuality": 3.33,  "courseDifficulty": 3.17,  "instructorQuality": 3.50 }
{  "course": "CSE-410-401",  "instructor": "MARCELO F. SIQUEIRA",  "enrollment": 7,  "courseQuality": 2.75,  "courseDifficulty": 2.00,  "instructorQuality": 3.00 }
{  "course": "CSE-434-401",  "instructor": "HONGHUI LU",  "enrollment": 11,  "courseQuality": 2.43,  "courseDifficulty": 2.71,  "instructorQuality": 2.43 }
{  "course": "CSE-434-401",  "instructor": "HONGHUI LU",  "enrollment": 10,  "courseQuality": 2.00,  "courseDifficulty": 2.38,  "instructorQuality": 2.00 }
{  "course": "CSE-462-401",  "instructor": "STEPHEN LANE",  "enrollment": 19,  "courseQuality": 3.05,  "courseDifficulty": 3.26,  "instructorQuality": 3.21 }
{  "course": "CSE-462-401",  "instructor": "STEPHEN LANE",  "enrollment": 20,  "courseQuality": 3.27,  "courseDifficulty": 3.40,  "instructorQuality": 3.53 }
{  "course": "CSE-462-401",  "instructor": "STEPHEN LANE",  "enrollment": 30,  "courseQuality": 3.11,  "courseDifficulty": 3.47,  "instructorQuality": 3.00 }
{  "course": "CIS-573-001",  "instructor": "PAT G PALMER",  "enrollment": 27,  "courseQuality": 2.81,  "courseDifficulty": 2.38,  "instructorQuality": 3.12 }
{  "course": "CIS-573-901",  "instructor": "PAT G PALMER",  "enrollment": 15,  "courseQuality": 2.62,  "courseDifficulty": 3.08,  "instructorQuality": 2.46 }
{  "course": "CIS-573-001",  "instructor": "PAT G PALMER",  "enrollment": 27,  "courseQuality": 2.58,  "courseDifficulty": 2.23,  "instructorQuality": 2.19 }
{  "course": "CIS-573-901",  "instructor": "PAT G PALMER",  "enrollment": 15,  "courseQuality": 2.40,  "courseDifficulty": 2.33,  "instructorQuality": 2.40 }
{  "course": "CIS-573-001",  "instructor": "PAT G PALMER",  "enrollment": 17,  "courseQuality": 2.13,  "courseDifficulty": 2.33,  "instructorQuality": 2.07 }
{  "course": "CIS-573-001",  "instructor": "JONATHAN MICHAEL SMITH",  "enrollment": 25,  "courseQuality": 2.47,  "courseDifficulty": 1.65,  "instructorQuality": 2.59 }
{  "course": "CIS-573-920",  "instructor": "GREGORY T VESONDER",  "enrollment": 16,  "courseQuality": 3.29,  "courseDifficulty": 2.43,  "instructorQuality": 3.50 }
{  "course": "CIS-573-001",  "instructor": "JONATHAN MICHAEL SMITH",  "enrollment": 20,  "courseQuality": 2.56,  "courseDifficulty": 2.28,  "instructorQuality": 2.78 }
{  "course": "CIS-573-001",  "instructor": "JONATHAN MICHAEL SMITH",  "enrollment": 9,  "courseQuality": 3.40,  "courseDifficulty": 2.00,  "instructorQuality": 3.80 }
{  "course": "CIS-573-001",  "instructor": "CHRISTIAN MURPHY",  "enrollment": 107,  "courseQuality": 2.83,  "courseDifficulty": 2.37,  "instructorQuality": 3.47 }
{  "course": "CIS-573-001",  "instructor": "CHRISTIAN MURPHY",  "enrollment": 72,  "courseQuality": 3.11,  "courseDifficulty": 2.13,  "instructorQuality": 3.50 }
{  "course": "CIS-573-001",  "instructor": "CHRISTIAN MURPHY",  "enrollment": 72,  "courseQuality": 3.16,  "courseDifficulty": 2.21,  "instructorQuality": 3.55 }
{  "course": "CIS-573-001",  "instructor": "CHRISTIAN MURPHY",  "enrollment": 76,  "courseQuality": 2.96,  "courseDifficulty": 2.25,  "instructorQuality": 3.64 }
{  "course": "CSE-455-001",  "instructor": "ZACHARY G. IVES",  "enrollment": 14,  "courseQuality": 3.50,  "courseDifficulty": 2.64,  "instructorQuality": 3.93 }
{  "course": "CSE-455-401",  "instructor": "ZACHARY G. IVES",  "enrollment": 29,  "courseQuality": 3.64,  "courseDifficulty": 3.64,  "instructorQuality": 3.73 }
{  "course": "CSE-455-401",  "instructor": "ZACHARY G. IVES",  "enrollment": 17,  "courseQuality": 3.75,  "courseDifficulty": 3.56,  "instructorQuality": 3.88 }
{  "course": "CIS-537-001",  "instructor": "JAMES C. GEE",  "enrollment": 9,  "courseQuality": 3.29,  "courseDifficulty": 3.29,  "instructorQuality": 3.71 }
{  "course": "CIS-537-401",  "instructor": "PAUL A. YUSHKEVICH",  "enrollment": 10,  "courseQuality": 3.00,  "courseDifficulty": 2.89,  "instructorQuality": 3.33 }
{  "course": "CIS-537-401",  "instructor": "JAMES C. GEE",  "enrollment": 14,  "courseQuality": 2.73,  "courseDifficulty": 3.09,  "instructorQuality": 3.00 }
{  "course": "CIS-537-401",  "instructor": "PAUL A. YUSHKEVICH",  "enrollment": 16,  "courseQuality": 3.07,  "courseDifficulty": 3.15,  "instructorQuality": 3.21 }
{  "course": "CIS-537-401",  "instructor": "PAUL A. YUSHKEVICH",  "enrollment": 15,  "courseQuality": 2.73,  "courseDifficulty": 3.36,  "instructorQuality": 3.09 }
{  "course": "CIS-537-401",  "instructor": "PAUL A. YUSHKEVICH",  "enrollment": 17,  "courseQuality": 3.00,  "courseDifficulty": 3.53,  "instructorQuality": 3.06 }
{  "course": "CIS-537-401",  "instructor": "PAUL A. YUSHKEVICH",  "enrollment": 18,  "courseQuality": 2.83,  "courseDifficulty": 3.45,  "instructorQuality": 2.83 }
{  "course": "CIS-537-401",  "instructor": "PAUL A. YUSHKEVICH",  "enrollment": 13,  "courseQuality": 3.45,  "courseDifficulty": 3.00,  "instructorQuality": 3.18 }
{  "course": "CIS-564-910",  "instructor": "STEPHEN LANE",  "enrollment": 13,  "courseQuality": 2.63,  "courseDifficulty": 2.63,  "instructorQuality": 2.88 }
{  "course": "CIS-564-910",  "instructor": "STEPHEN LANE",  "enrollment": 8,  "courseQuality": 3.38,  "courseDifficulty": 3.25,  "instructorQuality": 3.38 }
{  "course": "CIS-564-910",  "instructor": "STEPHEN LANE",  "enrollment": 11,  "courseQuality": 2.88,  "courseDifficulty": 2.63,  "instructorQuality": 3.13 }
{  "course": "CIS-564-001",  "instructor": "STEPHEN LANE",  "enrollment": 13,  "courseQuality": 2.64,  "courseDifficulty": 2.67,  "instructorQuality": 2.83 }
{  "course": "CIS-564-910",  "instructor": "STEPHEN LANE",  "enrollment": 11,  "courseQuality": 3.00,  "courseDifficulty": 3.00,  "instructorQuality": 2.90 }
{  "course": "CIS-564-001",  "instructor": "STEPHEN LANE",  "enrollment": 9,  "courseQuality": 3.13,  "courseDifficulty": 2.57,  "instructorQuality": 3.50 }
{  "course": "CIS-564-001",  "instructor": "STEPHEN LANE",  "enrollment": 18,  "courseQuality": 2.40,  "courseDifficulty": 2.43,  "instructorQuality": 2.87 }
{  "course": "CIS-564-910",  "instructor": "STEPHEN LANE",  "enrollment": 11,  "courseQuality": 3.00,  "courseDifficulty": 2.00,  "instructorQuality": 3.13 }
{  "course": "CIS-564-910",  "instructor": "STEPHEN LANE",  "enrollment": 10,  "courseQuality": 3.50,  "courseDifficulty": 2.63,  "instructorQuality": 3.75 }
{  "course": "CIS-564-001",  "instructor": "STEPHEN LANE",  "enrollment": 17,  "courseQuality": 3.07,  "courseDifficulty": 1.92,  "instructorQuality": 3.36 }
{  "course": "CIS-564-001",  "instructor": "STEPHEN LANE",  "enrollment": 25,  "courseQuality": 2.77,  "courseDifficulty": 2.13,  "instructorQuality": 3.00 }
{  "course": "PHIL-412-401",  "instructor": "SCOTT WEINSTEIN",  "enrollment": 13,  "courseQuality": 3.15,  "courseDifficulty": 3.62,  "instructorQuality": 3.77 }
{  "course": "PHIL-412-401",  "instructor": "SCOTT WEINSTEIN",  "enrollment": 9,  "courseQuality": 3.33,  "courseDifficulty": 3.56,  "instructorQuality": 3.33 }
{  "course": "PHIL-412-401",  "instructor": "SCOTT WEINSTEIN",  "enrollment": 9,  "courseQuality": 3.50,  "courseDifficulty": 3.33,  "instructorQuality": 3.50 }
{  "course": "PHIL-412-401",  "instructor": "SCOTT WEINSTEIN",  "enrollment": 7,  "courseQuality": 3.43,  "courseDifficulty": 3.29,  "instructorQuality": 3.86 }
{  "course": "PHIL-412-401",  "instructor": "ANDRE SCEDROV",  "enrollment": 5,  "courseQuality": 2.40,  "courseDifficulty": 2.60,  "instructorQuality": 2.60 }
{  "course": "PHIL-412-401",  "instructor": "SCOTT WEINSTEIN",  "enrollment": 5,  "courseQuality": 3.00,  "courseDifficulty": 2.80,  "instructorQuality": 3.40 }
{  "course": "PHIL-412-401",  "instructor": "SCOTT WEINSTEIN",  "enrollment": 11,  "courseQuality": 3.25,  "courseDifficulty": 3.75,  "instructorQuality": 3.50 }
{  "course": "PHIL-412-401",  "instructor": "SCOTT WEINSTEIN",  "enrollment": 16,  "courseQuality": 3.13,  "courseDifficulty": 2.83,  "instructorQuality": 3.20 }
{  "course": "PHIL-412-401",  "instructor": "SCOTT WEINSTEIN",  "enrollment": 6,  "courseQuality": 3.00,  "courseDifficulty": 2.67,  "instructorQuality": 3.40 }
{  "course": "CSE-461-910",  "instructor": "MARK C. VANLANGEVELD",  "enrollment": 15,  "courseQuality": 2.67,  "courseDifficulty": 2.80,  "instructorQuality": 3.33 }
{  "course": "CSE-461-401",  "instructor": "PAUL DIEFENBACH",  "enrollment": 25,  "courseQuality": 1.75,  "courseDifficulty": 2.00,  "instructorQuality": 2.17 }
{  "course": "CSE-482-001",  "instructor": "RAJEEV S. ALUR",  "enrollment": 6,  "courseQuality": 2.67,  "courseDifficulty": 3.00,  "instructorQuality": 2.83 }
{  "course": "CSE-482-401",  "instructor": "RAJEEV S. ALUR",  "enrollment": 5,  "courseQuality": 2.60,  "courseDifficulty": 3.00,  "instructorQuality": 2.60 }
{  "course": "CIS-110-001",  "instructor": "JEAN GRIFFIN",  "enrollment": 127,  "courseQuality": 2.45,  "courseDifficulty": 2.27,  "instructorQuality": 1.95 }
{  "course": "CIS-110-001",  "instructor": "JEAN GRIFFIN",  "enrollment": 119,  "courseQuality": 2.31,  "courseDifficulty": 2.50,  "instructorQuality": 1.67 }
{  "course": "CIS-110-910",  "instructor": "DIANA RUSI PALSETIA",  "enrollment": 15,  "courseQuality": 2.55,  "courseDifficulty": 3.00,  "instructorQuality": 2.82 }
{  "course": "CIS-110-001",  "instructor": "JEAN GRIFFIN",  "enrollment": 164,  "courseQuality": 2.33,  "courseDifficulty": 2.53,  "instructorQuality": 2.03 }
{  "course": "CIS-110-001",  "instructor": "JEAN GRIFFIN",  "enrollment": 131,  "courseQuality": 2.29,  "courseDifficulty": 2.47,  "instructorQuality": 1.79 }
{  "course": "CIS-110-910",  "instructor": "DIANA RUSI PALSETIA",  "enrollment": 21,  "courseQuality": 2.76,  "courseDifficulty": 2.82,  "instructorQuality": 2.94 }
{  "course": "CIS-110-001",  "instructor": "JEAN GRIFFIN",  "enrollment": 99,  "courseQuality": 2.34,  "courseDifficulty": 2.57,  "instructorQuality": 1.90 }
{  "course": "CIS-110-910",  "instructor": "PETER J. DEPASQUALE",  "enrollment": 20,  "courseQuality": 3.13,  "courseDifficulty": 2.64,  "instructorQuality": 3.50 }
{  "course": "CIS-110-001",  "instructor": "JEAN GRIFFIN",  "enrollment": 163,  "courseQuality": 2.27,  "courseDifficulty": 2.27,  "instructorQuality": 1.75 }
{  "course": "CIS-110-001",  "instructor": "JEAN GRIFFIN",  "enrollment": 169,  "courseQuality": 2.29,  "courseDifficulty": 2.40,  "instructorQuality": 1.81 }
{  "course": "CIS-110-001",  "instructor": "PETER-MICHAEL S. OSERA",  "enrollment": 142,  "courseQuality": 2.95,  "courseDifficulty": 2.90,  "instructorQuality": 3.09 }
{  "course": "CIS-110-002",  "instructor": "PETER-MICHAEL S. OSERA",  "enrollment": 91,  "courseQuality": 3.17,  "courseDifficulty": 2.64,  "instructorQuality": 3.37 }
{  "course": "CIS-110-910",  "instructor": "PETER J. DEPASQUALE",  "enrollment": 30,  "courseQuality": 2.71,  "courseDifficulty": 1.88,  "instructorQuality": 2.81 }
{  "course": "CIS-110-001",  "instructor": "JEAN GRIFFIN",  "enrollment": 140,  "courseQuality": 2.77,  "courseDifficulty": 2.32,  "instructorQuality": 2.16 }
{  "course": "CIS-110-001",  "instructor": "BENEDICT BROWN",  "enrollment": 161,  "courseQuality": 2.44,  "courseDifficulty": 3.71,  "instructorQuality": 2.43 }
{  "course": "CIS-110-910",  "instructor": "BENEDICT BROWN",  "enrollment": 24,  "courseQuality": 2.94,  "courseDifficulty": 3.19,  "instructorQuality": 2.61 }
{  "course": "CIS-110-001",  "instructor": "BENEDICT BROWN",  "enrollment": 140,  "courseQuality": 2.90,  "courseDifficulty": 3.48,  "instructorQuality": 2.81 }
{  "course": "CIS-110-002",  "instructor": "BENEDICT BROWN",  "enrollment": 129,  "courseQuality": 2.83,  "courseDifficulty": 3.45,  "instructorQuality": 2.86 }
{  "course": "CIS-110-001",  "instructor": "BENEDICT BROWN",  "enrollment": 59,  "courseQuality": 2.92,  "courseDifficulty": 3.40,  "instructorQuality": 2.84 }
{  "course": "CIS-110-002",  "instructor": "BENEDICT BROWN",  "enrollment": 127,  "courseQuality": 2.69,  "courseDifficulty": 3.31,  "instructorQuality": 2.40 }
{  "course": "CIS-110-001",  "instructor": "ERIC EATON",  "enrollment": 188,  "courseQuality": 2.75,  "courseDifficulty": 3.40,  "instructorQuality": 2.85 }
{  "course": "CIS-110-001",  "instructor": "BENEDICT BROWN",  "enrollment": 188,  "courseQuality": 2.75,  "courseDifficulty": 3.40,  "instructorQuality": 2.77 }
{  "course": "CIS-110-002",  "instructor": "ERIC EATON",  "enrollment": 128,  "courseQuality": 3.07,  "courseDifficulty": 3.40,  "instructorQuality": 3.28 }
{  "course": "CIS-110-002",  "instructor": "BENEDICT BROWN",  "enrollment": 128,  "courseQuality": 3.07,  "courseDifficulty": 3.40,  "instructorQuality": 3.16 }
{  "course": "CIS-110-001",  "instructor": "ERIC EATON",  "enrollment": 77,  "courseQuality": 2.80,  "courseDifficulty": 3.42,  "instructorQuality": 3.09 }
{  "course": "CIS-110-001",  "instructor": "BENEDICT BROWN",  "enrollment": 77,  "courseQuality": 2.80,  "courseDifficulty": 3.42,  "instructorQuality": 2.85 }
{  "course": "CIS-110-002",  "instructor": "ERIC EATON",  "enrollment": 150,  "courseQuality": 2.76,  "courseDifficulty": 3.22,  "instructorQuality": 3.02 }
{  "course": "CIS-110-002",  "instructor": "BENEDICT BROWN",  "enrollment": 150,  "courseQuality": 2.76,  "courseDifficulty": 3.22,  "instructorQuality": 2.65 }
{  "course": "CIS-110-001",  "instructor": "ARVIND BHUSNURMATH",  "enrollment": 175,  "courseQuality": 2.54,  "courseDifficulty": 3.24,  "instructorQuality": 2.74 }
{  "course": "CIS-110-001",  "instructor": "BENEDICT BROWN",  "enrollment": 175,  "courseQuality": 2.54,  "courseDifficulty": 3.24,  "instructorQuality": 2.55 }
{  "course": "CIS-110-002",  "instructor": "ARVIND BHUSNURMATH",  "enrollment": 178,  "courseQuality": 2.50,  "courseDifficulty": 3.39,  "instructorQuality": 2.81 }
{  "course": "CIS-110-002",  "instructor": "BENEDICT BROWN",  "enrollment": 178,  "courseQuality": 2.50,  "courseDifficulty": 3.39,  "instructorQuality": 2.46 }
{  "course": "CIS-120-001",  "instructor": "FERNANDO C. PEREIRA",  "enrollment": 78,  "courseQuality": 2.59,  "courseDifficulty": 2.71,  "instructorQuality": 2.73 }
{  "course": "CIS-120-001",  "instructor": "MITCHELL PHILIP MARCUS",  "enrollment": 77,  "courseQuality": 2.66,  "courseDifficulty": 2.93,  "instructorQuality": 3.00 }
{  "course": "CIS-120-001",  "instructor": "BENJAMIN C. PIERCE",  "enrollment": 90,  "courseQuality": 2.97,  "courseDifficulty": 2.60,  "instructorQuality": 3.29 }
{  "course": "CIS-120-001",  "instructor": "STEPHANIE WEIRICH",  "enrollment": 82,  "courseQuality": 2.23,  "courseDifficulty": 2.72,  "instructorQuality": 2.34 }
{  "course": "CIS-120-001",  "instructor": "STEPHANIE WEIRICH",  "enrollment": 74,  "courseQuality": 2.34,  "courseDifficulty": 3.05,  "instructorQuality": 2.42 }
{  "course": "CIS-120-001",  "instructor": "STEPHANIE WEIRICH",  "enrollment": 141,  "courseQuality": 2.13,  "courseDifficulty": 3.26,  "instructorQuality": 1.97 }
{  "course": "CIS-120-001",  "instructor": "MITCHELL PHILIP MARCUS",  "enrollment": 82,  "courseQuality": 2.38,  "courseDifficulty": 2.94,  "instructorQuality": 2.55 }
{  "course": "CIS-120-002",  "instructor": "BENJAMIN C. PIERCE",  "enrollment": 21,  "courseQuality": 3.12,  "courseDifficulty": 3.53,  "instructorQuality": 3.35 }
{  "course": "CIS-120-002",  "instructor": "STEPHAN A. ZDANCEWIC",  "enrollment": 21,  "courseQuality": 3.12,  "courseDifficulty": 3.53,  "instructorQuality": 3.47 }
{  "course": "CIS-120-001",  "instructor": "STEPHAN A. ZDANCEWIC",  "enrollment": 163,  "courseQuality": 3.18,  "courseDifficulty": 2.92,  "instructorQuality": 3.39 }
{  "course": "CIS-120-001",  "instructor": "MITCHELL PHILIP MARCUS",  "enrollment": 107,  "courseQuality": 2.55,  "courseDifficulty": 3.01,  "instructorQuality": 2.75 }
{  "course": "CIS-120-001",  "instructor": "STEPHANIE WEIRICH",  "enrollment": 145,  "courseQuality": 2.74,  "courseDifficulty": 3.13,  "instructorQuality": 2.33 }
{  "course": "CIS-120-001",  "instructor": "STEPHAN A. ZDANCEWIC",  "enrollment": 164,  "courseQuality": 3.12,  "courseDifficulty": 2.82,  "instructorQuality": 3.33 }
{  "course": "CIS-120-001",  "instructor": "STEPHANIE WEIRICH",  "enrollment": 172,  "courseQuality": 2.85,  "courseDifficulty": 3.19,  "instructorQuality": 2.40 }
{  "course": "CIS-120-001",  "instructor": "BENJAMIN C. PIERCE",  "enrollment": 199,  "courseQuality": 3.17,  "courseDifficulty": 3.20,  "instructorQuality": 3.23 }
{  "course": "CIS-120-001",  "instructor": "STEPHANIE WEIRICH",  "enrollment": 175,  "courseQuality": 2.97,  "courseDifficulty": 3.15,  "instructorQuality": 2.70 }
{  "course": "CIS-120-001",  "instructor": "STEPHAN A. ZDANCEWIC",  "enrollment": 218,  "courseQuality": 3.01,  "courseDifficulty": 3.08,  "instructorQuality": 3.18 }
{  "course": "CIS-121-001",  "instructor": "VAL BREAZU TANNEN",  "enrollment": 36,  "courseQuality": 2.91,  "courseDifficulty": 3.48,  "instructorQuality": 3.39 }
{  "course": "CIS-121-001",  "instructor": "VAL BREAZU TANNEN",  "enrollment": 64,  "courseQuality": 2.31,  "courseDifficulty": 2.95,  "instructorQuality": 2.68 }
{  "course": "CIS-121-001",  "instructor": "KONSTANTINOS DANIILIDIS",  "enrollment": 49,  "courseQuality": 2.21,  "courseDifficulty": 2.79,  "instructorQuality": 1.98 }
{  "course": "CIS-121-001",  "instructor": "KONSTANTINOS DANIILIDIS",  "enrollment": 43,  "courseQuality": 2.06,  "courseDifficulty": 3.03,  "instructorQuality": 1.87 }
{  "course": "CIS-121-001",  "instructor": "KONSTANTINOS DANIILIDIS",  "enrollment": 51,  "courseQuality": 2.39,  "courseDifficulty": 2.93,  "instructorQuality": 1.90 }
{  "course": "CIS-121-001",  "instructor": "BENJAMIN TASKAR",  "enrollment": 56,  "courseQuality": 2.04,  "courseDifficulty": 3.05,  "instructorQuality": 1.96 }
{  "course": "CIS-121-001",  "instructor": "KONSTANTINOS DANIILIDIS",  "enrollment": 71,  "courseQuality": 2.49,  "courseDifficulty": 2.96,  "instructorQuality": 2.11 }
{  "course": "CIS-121-001",  "instructor": "KONSTANTINOS DANIILIDIS",  "enrollment": 92,  "courseQuality": 2.33,  "courseDifficulty": 2.82,  "instructorQuality": 2.23 }
{  "course": "CIS-121-001",  "instructor": "VAL BREAZU TANNEN",  "enrollment": 61,  "courseQuality": 2.60,  "courseDifficulty": 3.30,  "instructorQuality": 2.75 }
{  "course": "CIS-121-001",  "instructor": "JULIA D. STOYANOVICH",  "enrollment": 139,  "courseQuality": 1.76,  "courseDifficulty": 2.66,  "instructorQuality": 1.88 }
{  "course": "CIS-121-001",  "instructor": "KONSTANTINOS DANIILIDIS",  "enrollment": 105,  "courseQuality": 2.23,  "courseDifficulty": 3.13,  "instructorQuality": 2.20 }
{  "course": "CIS-121-001",  "instructor": "VAL BREAZU TANNEN",  "enrollment": 102,  "courseQuality": 2.02,  "courseDifficulty": 3.11,  "instructorQuality": 2.30 }
{  "course": "CIS-121-001",  "instructor": "VAL BREAZU TANNEN",  "enrollment": 124,  "courseQuality": 2.25,  "courseDifficulty": 3.46,  "instructorQuality": 2.44 }
{  "course": "CIS-121-001",  "instructor": "RAJIV GANDHI",  "enrollment": 135,  "courseQuality": 3.23,  "courseDifficulty": 3.62,  "instructorQuality": 3.57 }
{  "course": "CIS-121-001",  "instructor": "KONSTANTINOS DANIILIDIS",  "enrollment": 150,  "courseQuality": 2.47,  "courseDifficulty": 3.13,  "instructorQuality": 2.07 }
{  "course": "CIS-140-401",  "instructor": "VIRGINIA M. RICHARDS",  "enrollment": 112,  "courseQuality": 2.41,  "courseDifficulty": 2.77,  "instructorQuality": 2.48 }
{  "course": "CIS-140-401",  "instructor": "LYLE H UNGAR",  "enrollment": 112,  "courseQuality": 2.44,  "courseDifficulty": 2.76,  "instructorQuality": 3.06 }
{  "course": "CIS-140-401",  "instructor": "LYLE H UNGAR",  "enrollment": 137,  "courseQuality": 2.84,  "courseDifficulty": 2.60,  "instructorQuality": 3.08 }
{  "course": "CIS-140-401",  "instructor": "DAVID HOYT BRAINARD",  "enrollment": 137,  "courseQuality": 2.84,  "courseDifficulty": 2.60,  "instructorQuality": 3.06 }
{  "course": "CIS-140-401",  "instructor": "VIRGINIA M. RICHARDS",  "enrollment": 140,  "courseQuality": 2.43,  "courseDifficulty": 2.72,  "instructorQuality": 2.42 }
{  "course": "CIS-140-401",  "instructor": "LYLE H UNGAR",  "enrollment": 140,  "courseQuality": 2.51,  "courseDifficulty": 2.70,  "instructorQuality": 3.06 }
{  "course": "CIS-140-401",  "instructor": "LYLE H UNGAR",  "enrollment": 183,  "courseQuality": 2.59,  "courseDifficulty": 2.64,  "instructorQuality": 3.11 }
{  "course": "CIS-140-401",  "instructor": "DAVID HOYT BRAINARD",  "enrollment": 183,  "courseQuality": 2.59,  "courseDifficulty": 2.64,  "instructorQuality": 2.83 }
{  "course": "CIS-140-401",  "instructor": "LYLE H UNGAR",  "enrollment": 176,  "courseQuality": 2.71,  "courseDifficulty": 2.19,  "instructorQuality": 3.09 }
{  "course": "CIS-140-401",  "instructor": "DAVID HOYT BRAINARD",  "enrollment": 176,  "courseQuality": 2.71,  "courseDifficulty": 2.19,  "instructorQuality": 2.95 }
{  "course": "CIS-140-401",  "instructor": "LYLE H UNGAR",  "enrollment": 185,  "courseQuality": 2.57,  "courseDifficulty": 1.91,  "instructorQuality": 2.79 }
{  "course": "CIS-140-401",  "instructor": "DAVID HOYT BRAINARD",  "enrollment": 185,  "courseQuality": 2.57,  "courseDifficulty": 1.91,  "instructorQuality": 2.93 }
{  "course": "CIS-140-401",  "instructor": "LYLE H UNGAR",  "enrollment": 167,  "courseQuality": 2.80,  "courseDifficulty": 2.06,  "instructorQuality": 3.05 }
{  "course": "CIS-140-401",  "instructor": "DAVID HOYT BRAINARD",  "enrollment": 167,  "courseQuality": 2.80,  "courseDifficulty": 2.06,  "instructorQuality": 3.20 }
{  "course": "CIS-140-401",  "instructor": "LYLE H UNGAR",  "enrollment": 177,  "courseQuality": 2.63,  "courseDifficulty": 2.03,  "instructorQuality": 2.84 }
{  "course": "CIS-140-401",  "instructor": "DAVID HOYT BRAINARD",  "enrollment": 177,  "courseQuality": 2.63,  "courseDifficulty": 2.03,  "instructorQuality": 3.10 }
{  "course": "CIS-240-001",  "instructor": "JONATHAN MICHAEL SMITH",  "enrollment": 103,  "courseQuality": 2.64,  "courseDifficulty": 2.14,  "instructorQuality": 1.98 }
{  "course": "CIS-240-001",  "instructor": "AMIR ROTH",  "enrollment": 113,  "courseQuality": 2.59,  "courseDifficulty": 3.58,  "instructorQuality": 2.66 }
{  "course": "CIS-240-001",  "instructor": "AMIR ROTH",  "enrollment": 86,  "courseQuality": 2.52,  "courseDifficulty": 3.29,  "instructorQuality": 3.05 }
{  "course": "CIS-240-001",  "instructor": "CAMILLO JOSE TAYLOR",  "enrollment": 139,  "courseQuality": 2.72,  "courseDifficulty": 3.22,  "instructorQuality": 3.07 }
{  "course": "CIS-240-001",  "instructor": "CAMILLO JOSE TAYLOR",  "enrollment": 147,  "courseQuality": 3.17,  "courseDifficulty": 3.27,  "instructorQuality": 3.26 }
{  "course": "CIS-240-001",  "instructor": "CAMILLO JOSE TAYLOR",  "enrollment": 197,  "courseQuality": 2.64,  "courseDifficulty": 3.45,  "instructorQuality": 2.93 }
{  "course": "CIS-240-001",  "instructor": "THOMAS FARMER",  "enrollment": 86,  "courseQuality": 2.83,  "courseDifficulty": 3.56,  "instructorQuality": 2.60 }
{  "course": "CIS-240-001",  "instructor": "CAMILLO JOSE TAYLOR",  "enrollment": 172,  "courseQuality": 2.95,  "courseDifficulty": 3.46,  "instructorQuality": 3.06 }
{  "course": "CIS-240-001",  "instructor": "THOMAS FARMER",  "enrollment": 110,  "courseQuality": 2.38,  "courseDifficulty": 3.39,  "instructorQuality": 2.48 }
{  "course": "CIS-240-001",  "instructor": "CAMILLO JOSE TAYLOR",  "enrollment": 151,  "courseQuality": 2.43,  "courseDifficulty": 3.50,  "instructorQuality": 2.51 }
{  "course": "CIS-261-001",  "instructor": "MAX MINTZ",  "enrollment": 7,  "courseQuality": 3.86,  "courseDifficulty": 2.71,  "instructorQuality": 3.86 }
{  "course": "CIS-261-001",  "instructor": "MAX MINTZ",  "enrollment": 6,  "courseQuality": 3.40,  "courseDifficulty": 2.40,  "instructorQuality": 3.80 }
{  "course": "CIS-261-001",  "instructor": "MAX MINTZ",  "enrollment": 5,  "courseQuality": 3.80,  "courseDifficulty": 3.00,  "instructorQuality": 4.00 }
{  "course": "CIS-261-001",  "instructor": "MAX MINTZ",  "enrollment": 16,  "courseQuality": 3.25,  "courseDifficulty": 3.10,  "instructorQuality": 3.92 }
{  "course": "CIS-261-001",  "instructor": "MAX MINTZ",  "enrollment": 12,  "courseQuality": 3.27,  "courseDifficulty": 2.40,  "instructorQuality": 3.82 }
{  "course": "CIS-261-001",  "instructor": "MAX MINTZ",  "enrollment": 14,  "courseQuality": 3.38,  "courseDifficulty": 3.00,  "instructorQuality": 3.69 }
{  "course": "CIS-261-001",  "instructor": "MAX MINTZ",  "enrollment": 13,  "courseQuality": 2.63,  "courseDifficulty": 3.00,  "instructorQuality": 3.13 }
{  "course": "CIS-261-001",  "instructor": "MAX MINTZ",  "enrollment": 16,  "courseQuality": 3.38,  "courseDifficulty": 3.08,  "instructorQuality": 3.69 }
{  "course": "CIS-262-001",  "instructor": "JEAN HENRI GALLIER",  "enrollment": 80,  "courseQuality": 2.44,  "courseDifficulty": 3.32,  "instructorQuality": 3.32 }
{  "course": "CIS-262-001",  "instructor": "RAJEEV S. ALUR",  "enrollment": 96,  "courseQuality": 2.64,  "courseDifficulty": 3.13,  "instructorQuality": 2.78 }
{  "course": "CIS-262-001",  "instructor": "RAJEEV S. ALUR",  "enrollment": 81,  "courseQuality": 2.53,  "courseDifficulty": 3.42,  "instructorQuality": 2.89 }
{  "course": "CIS-262-001",  "instructor": "RAJEEV S. ALUR",  "enrollment": 96,  "courseQuality": 2.55,  "courseDifficulty": 3.34,  "instructorQuality": 2.64 }
{  "course": "CIS-262-001",  "instructor": "RAJEEV S. ALUR",  "enrollment": 110,  "courseQuality": 2.47,  "courseDifficulty": 3.24,  "instructorQuality": 2.57 }
{  "course": "CIS-262-001",  "instructor": "AARON L ROTH",  "enrollment": 154,  "courseQuality": 2.09,  "courseDifficulty": 3.29,  "instructorQuality": 2.47 }
{  "course": "CIS-262-001",  "instructor": "RAJEEV S. ALUR",  "enrollment": 156,  "courseQuality": 2.04,  "courseDifficulty": 3.38,  "instructorQuality": 2.06 }
{  "course": "CIS-262-001",  "instructor": "AARON L ROTH",  "enrollment": 169,  "courseQuality": 2.25,  "courseDifficulty": 3.21,  "instructorQuality": 2.63 }
{  "course": "CIS-330-001",  "instructor": "SUSAN B DAVIDSON",  "enrollment": 20,  "courseQuality": 2.47,  "courseDifficulty": 2.67,  "instructorQuality": 2.67 }
{  "course": "CIS-330-001",  "instructor": "SUSAN B DAVIDSON",  "enrollment": 29,  "courseQuality": 2.54,  "courseDifficulty": 2.19,  "instructorQuality": 2.83 }
{  "course": "CIS-330-001",  "instructor": "SUSAN B DAVIDSON",  "enrollment": 21,  "courseQuality": 2.56,  "courseDifficulty": 2.94,  "instructorQuality": 2.50 }
{  "course": "CIS-330-001",  "instructor": "SUSAN B DAVIDSON",  "enrollment": 46,  "courseQuality": 2.65,  "courseDifficulty": 2.58,  "instructorQuality": 2.62 }
{  "course": "CIS-330-001",  "instructor": "SUSAN B DAVIDSON",  "enrollment": 48,  "courseQuality": 2.16,  "courseDifficulty": 2.75,  "instructorQuality": 2.26 }
{  "course": "CIS-330-001",  "instructor": "SUSAN B DAVIDSON",  "enrollment": 72,  "courseQuality": 1.97,  "courseDifficulty": 2.54,  "instructorQuality": 2.13 }
{  "course": "CIS-334-001",  "instructor": "SAMPATH K. KANNAN",  "enrollment": 7,  "courseQuality": 3.83,  "courseDifficulty": 3.43,  "instructorQuality": 3.86 }
{  "course": "CIS-334-001",  "instructor": "SANJEEV KHANNA",  "enrollment": 11,  "courseQuality": 3.09,  "courseDifficulty": 3.36,  "instructorQuality": 3.73 }
{  "course": "CIS-334-001",  "instructor": "SANJEEV KHANNA",  "enrollment": 13,  "courseQuality": 3.80,  "courseDifficulty": 3.70,  "instructorQuality": 4.00 }
{  "course": "CIS-334-001",  "instructor": "SANJEEV KHANNA",  "enrollment": 14,  "courseQuality": 3.83,  "courseDifficulty": 3.73,  "instructorQuality": 3.92 }
{  "course": "CIS-334-001",  "instructor": "SANJEEV KHANNA",  "enrollment": 12,  "courseQuality": 3.83,  "courseDifficulty": 3.55,  "instructorQuality": 3.92 }
{  "course": "CIS-350-001",  "instructor": "JONATHAN MICHAEL SMITH",  "enrollment": 12,  "courseQuality": 2.44,  "courseDifficulty": 2.00,  "instructorQuality": 2.56 }
{  "course": "CIS-350-001",  "instructor": "JONATHAN MICHAEL SMITH",  "enrollment": 16,  "courseQuality": 3.00,  "courseDifficulty": 2.27,  "instructorQuality": 3.20 }
{  "course": "CIS-350-001",  "instructor": "MATTHEW BLAZE",  "enrollment": 16,  "courseQuality": 3.00,  "courseDifficulty": 2.27,  "instructorQuality": 2.47 }
{  "course": "CIS-350-001",  "instructor": "JONATHAN MICHAEL SMITH",  "enrollment": 22,  "courseQuality": 3.00,  "courseDifficulty": 1.85,  "instructorQuality": 3.32 }
{  "course": "CIS-350-001",  "instructor": "JONATHAN MICHAEL SMITH",  "enrollment": 7,  "courseQuality": 3.14,  "courseDifficulty": 2.29,  "instructorQuality": 2.57 }
{  "course": "CIS-350-001",  "instructor": "CHRISTIAN MURPHY",  "enrollment": 70,  "courseQuality": 3.06,  "courseDifficulty": 1.73,  "instructorQuality": 3.59 }
{  "course": "CIS-350-001",  "instructor": "CHRISTIAN MURPHY",  "enrollment": 78,  "courseQuality": 3.30,  "courseDifficulty": 2.02,  "instructorQuality": 3.70 }
{  "course": "CIS-350-001",  "instructor": "CHRISTIAN MURPHY",  "enrollment": 131,  "courseQuality": 2.75,  "courseDifficulty": 1.81,  "instructorQuality": 3.32 }
{  "course": "CIS-380-001",  "instructor": "MATTHEW BLAZE",  "enrollment": 52,  "courseQuality": 3.17,  "courseDifficulty": 2.90,  "instructorQuality": 3.37 }
{  "course": "CIS-380-001",  "instructor": "MATTHEW BLAZE",  "enrollment": 41,  "courseQuality": 2.80,  "courseDifficulty": 3.09,  "instructorQuality": 3.11 }
{  "course": "CIS-380-001",  "instructor": "MATTHEW BLAZE",  "enrollment": 41,  "courseQuality": 3.16,  "courseDifficulty": 2.63,  "instructorQuality": 3.66 }
{  "course": "CIS-380-001",  "instructor": "MATTHEW BLAZE",  "enrollment": 39,  "courseQuality": 2.60,  "courseDifficulty": 3.29,  "instructorQuality": 2.86 }
{  "course": "CIS-380-001",  "instructor": "BOON THAU LOO",  "enrollment": 51,  "courseQuality": 2.89,  "courseDifficulty": 3.57,  "instructorQuality": 3.13 }
{  "course": "CIS-380-001",  "instructor": "BOON THAU LOO",  "enrollment": 66,  "courseQuality": 2.95,  "courseDifficulty": 3.75,  "instructorQuality": 2.71 }
{  "course": "CIS-380-001",  "instructor": "BOON THAU LOO",  "enrollment": 89,  "courseQuality": 2.67,  "courseDifficulty": 3.60,  "instructorQuality": 2.48 }
{  "course": "CIS-380-001",  "instructor": "MATTHEW BLAZE",  "enrollment": 128,  "courseQuality": 2.03,  "courseDifficulty": 3.21,  "instructorQuality": 2.16 }
{  "course": "CIS-390-401",  "instructor": "JIANBO SHI",  "enrollment": 43,  "courseQuality": 2.69,  "courseDifficulty": 2.69,  "instructorQuality": 2.75 }
{  "course": "CIS-390-401",  "instructor": "JONATHAN FIENE",  "enrollment": 43,  "courseQuality": 2.86,  "courseDifficulty": 2.53,  "instructorQuality": 3.11 }
{  "course": "CIS-390-401",  "instructor": "JIANBO SHI",  "enrollment": 47,  "courseQuality": 3.05,  "courseDifficulty": 3.03,  "instructorQuality": 2.71 }
{  "course": "CIS-390-401",  "instructor": "JONATHAN FIENE",  "enrollment": 47,  "courseQuality": 3.05,  "courseDifficulty": 3.03,  "instructorQuality": 3.71 }
{  "course": "CIS-390-401",  "instructor": "JIANBO SHI",  "enrollment": 57,  "courseQuality": 2.73,  "courseDifficulty": 2.61,  "instructorQuality": 2.12 }
{  "course": "CIS-390-401",  "instructor": "JONATHAN FIENE",  "enrollment": 57,  "courseQuality": 2.74,  "courseDifficulty": 2.66,  "instructorQuality": 3.38 }
{  "course": "CIS-391-001",  "instructor": "MITCHELL PHILIP MARCUS",  "enrollment": 31,  "courseQuality": 2.93,  "courseDifficulty": 2.20,  "instructorQuality": 2.87 }
{  "course": "CIS-391-001",  "instructor": "MITCHELL PHILIP MARCUS",  "enrollment": 20,  "courseQuality": 3.07,  "courseDifficulty": 2.64,  "instructorQuality": 3.14 }
{  "course": "CIS-391-001",  "instructor": "MITCHELL PHILIP MARCUS",  "enrollment": 41,  "courseQuality": 2.89,  "courseDifficulty": 2.42,  "instructorQuality": 3.06 }
{  "course": "CIS-391-001",  "instructor": "LYLE H UNGAR",  "enrollment": 19,  "courseQuality": 2.67,  "courseDifficulty": 3.00,  "instructorQuality": 3.22 }
{  "course": "CIS-391-001",  "instructor": "LYLE H UNGAR",  "enrollment": 30,  "courseQuality": 2.23,  "courseDifficulty": 3.06,  "instructorQuality": 2.68 }
{  "course": "CIS-391-001",  "instructor": "MITCHELL PHILIP MARCUS",  "enrollment": 37,  "courseQuality": 2.74,  "courseDifficulty": 2.42,  "instructorQuality": 3.13 }
{  "course": "CIS-391-001",  "instructor": "MITCHELL PHILIP MARCUS",  "enrollment": 71,  "courseQuality": 2.44,  "courseDifficulty": 2.49,  "instructorQuality": 2.57 }
{  "course": "CIS-391-001",  "instructor": "MITCHELL PHILIP MARCUS",  "enrollment": 68,  "courseQuality": 2.34,  "courseDifficulty": 2.79,  "instructorQuality": 2.08 }
{  "course": "CIS-400-001",  "instructor": "INSUP LEE",  "enrollment": 44,  "courseQuality": 2.33,  "courseDifficulty": 2.85,  "instructorQuality": 2.52 }
{  "course": "CIS-400-001",  "instructor": "INSUP LEE",  "enrollment": 36,  "courseQuality": 2.69,  "courseDifficulty": 2.56,  "instructorQuality": 2.88 }
{  "course": "CIS-400-001",  "instructor": "INSUP LEE",  "enrollment": 28,  "courseQuality": 2.22,  "courseDifficulty": 2.93,  "instructorQuality": 2.04 }
{  "course": "CIS-400-001",  "instructor": "INSUP LEE",  "enrollment": 33,  "courseQuality": 2.13,  "courseDifficulty": 2.52,  "instructorQuality": 2.37 }
{  "course": "CIS-400-001",  "instructor": "INSUP LEE",  "enrollment": 62,  "courseQuality": 2.06,  "courseDifficulty": 2.30,  "instructorQuality": 2.27 }
{  "course": "CIS-400-001",  "instructor": "INSUP LEE",  "enrollment": 69,  "courseQuality": 1.65,  "courseDifficulty": 2.17,  "instructorQuality": 1.50 }
{  "course": "CIS-400-001",  "instructor": "INSUP LEE",  "enrollment": 83,  "courseQuality": 1.13,  "courseDifficulty": 1.73,  "instructorQuality": 1.17 }
{  "course": "CIS-462-401",  "instructor": "STEPHEN LANE",  "enrollment": 25,  "courseQuality": 2.76,  "courseDifficulty": 3.38,  "instructorQuality": 2.86 }
{  "course": "CIS-462-401",  "instructor": "STEPHEN LANE",  "enrollment": 20,  "courseQuality": 3.06,  "courseDifficulty": 3.53,  "instructorQuality": 3.18 }
{  "course": "CIS-462-401",  "instructor": "STEPHEN LANE",  "enrollment": 41,  "courseQuality": 2.72,  "courseDifficulty": 3.14,  "instructorQuality": 2.81 }
{  "course": "CIS-462-401",  "instructor": "STEPHEN LANE",  "enrollment": 40,  "courseQuality": 3.00,  "courseDifficulty": 3.23,  "instructorQuality": 3.23 }
{  "course": "CIS-462-401",  "instructor": "STEPHEN LANE",  "enrollment": 44,  "courseQuality": 3.26,  "courseDifficulty": 3.24,  "instructorQuality": 3.13 }
{  "course": "CIS-462-401",  "instructor": "STEPHEN LANE",  "enrollment": 41,  "courseQuality": 2.81,  "courseDifficulty": 3.41,  "instructorQuality": 2.86 }
{  "course": "CIS-462-401",  "instructor": "STEPHEN LANE",  "enrollment": 39,  "courseQuality": 2.93,  "courseDifficulty": 2.96,  "instructorQuality": 3.07 }
{  "course": "CIS-477-401",  "instructor": "ARAVIND K JOSHI",  "enrollment": 7,  "courseQuality": 2.00,  "courseDifficulty": 1.50,  "instructorQuality": 2.43 }
{  "course": "CIS-477-401",  "instructor": "ARAVIND K JOSHI",  "enrollment": 25,  "courseQuality": 2.75,  "courseDifficulty": 1.76,  "instructorQuality": 2.95 }
{  "course": "CIS-477-401",  "instructor": "ARAVIND K JOSHI",  "enrollment": 9,  "courseQuality": 2.50,  "courseDifficulty": 1.63,  "instructorQuality": 3.00 }
{  "course": "CIS-477-401",  "instructor": "ARAVIND K JOSHI",  "enrollment": 21,  "courseQuality": 2.11,  "courseDifficulty": 1.47,  "instructorQuality": 2.39 }
{  "course": "CIS-521-001",  "instructor": "BENJAMIN TASKAR",  "enrollment": 22,  "courseQuality": 3.18,  "courseDifficulty": 3.47,  "instructorQuality": 3.00 }
{  "course": "CIS-521-001",  "instructor": "LYLE H UNGAR",  "enrollment": 46,  "courseQuality": 2.72,  "courseDifficulty": 2.63,  "instructorQuality": 2.92 }
{  "course": "CIS-521-001",  "instructor": "LYLE H UNGAR",  "enrollment": 40,  "courseQuality": 2.83,  "courseDifficulty": 2.55,  "instructorQuality": 3.06 }
{  "course": "CIS-521-001",  "instructor": "LYLE H UNGAR",  "enrollment": 45,  "courseQuality": 2.54,  "courseDifficulty": 2.82,  "instructorQuality": 2.92 }
{  "course": "CIS-521-001",  "instructor": "MITCHELL PHILIP MARCUS",  "enrollment": 47,  "courseQuality": 2.88,  "courseDifficulty": 2.03,  "instructorQuality": 2.98 }
{  "course": "CIS-521-001",  "instructor": "MITCHELL PHILIP MARCUS",  "enrollment": 45,  "courseQuality": 2.51,  "courseDifficulty": 1.93,  "instructorQuality": 2.76 }
{  "course": "CIS-553-001",  "instructor": "BOON THAU LOO",  "enrollment": 34,  "courseQuality": 2.84,  "courseDifficulty": 2.44,  "instructorQuality": 2.84 }
{  "course": "CIS-553-401",  "instructor": "BOON THAU LOO",  "enrollment": 106,  "courseQuality": 3.13,  "courseDifficulty": 3.01,  "instructorQuality": 2.98 }
{  "course": "CIS-553-401",  "instructor": "BOON THAU LOO",  "enrollment": 96,  "courseQuality": 3.12,  "courseDifficulty": 2.96,  "instructorQuality": 3.20 }
{  "course": "CIS-553-001",  "instructor": "MATTHEW BLAZE",  "enrollment": 52,  "courseQuality": 2.48,  "courseDifficulty": 3.12,  "instructorQuality": 2.78 }
{  "course": "MEAM-105-001",  "instructor": "CAMILLO JOSE TAYLOR",  "enrollment": 32,  "courseQuality": 2.22,  "courseDifficulty": 2.65,  "instructorQuality": 2.43 }
{  "course": "MEAM-105-001",  "instructor": "GEORGE BIROS",  "enrollment": 32,  "courseQuality": 2.14,  "courseDifficulty": 2.64,  "instructorQuality": 2.32 }
{  "course": "MEAM-105-401",  "instructor": "CAMILLO JOSE TAYLOR",  "enrollment": 47,  "courseQuality": 1.88,  "courseDifficulty": 3.21,  "instructorQuality": 2.08 }
{  "course": "MEAM-105-401",  "instructor": "GEORGE BIROS",  "enrollment": 47,  "courseQuality": 1.85,  "courseDifficulty": 3.44,  "instructorQuality": 1.93 }
{  "course": "CIS-112-001",  "instructor": "MICHAEL J. KEARNS",  "enrollment": 146,  "courseQuality": 2.60,  "courseDifficulty": 1.94,  "instructorQuality": 2.98 }
{  "course": "CIS-112-001",  "instructor": "MICHAEL J. KEARNS",  "enrollment": 97,  "courseQuality": 2.84,  "courseDifficulty": 1.74,  "instructorQuality": 3.21 }
{  "course": "CIS-112-001",  "instructor": "MICHAEL J. KEARNS",  "enrollment": 147,  "courseQuality": 2.37,  "courseDifficulty": 2.19,  "instructorQuality": 2.80 }
{  "course": "CIS-125-401",  "instructor": "JONATHAN MICHAEL SMITH",  "enrollment": 31,  "courseQuality": 2.69,  "courseDifficulty": 1.83,  "instructorQuality": 2.70 }
{  "course": "CIS-125-401",  "instructor": "MATTHEW BLAZE",  "enrollment": 31,  "courseQuality": 2.69,  "courseDifficulty": 1.83,  "instructorQuality": 3.31 }
{  "course": "CIS-125-401",  "instructor": "JONATHAN MICHAEL SMITH",  "enrollment": 26,  "courseQuality": 3.11,  "courseDifficulty": 1.53,  "instructorQuality": 3.37 }
{  "course": "CIS-125-401",  "instructor": "MATTHEW BLAZE",  "enrollment": 26,  "courseQuality": 3.22,  "courseDifficulty": 1.61,  "instructorQuality": 3.61 }
{  "course": "CIS-125-401",  "instructor": "MATTHEW BLAZE",  "enrollment": 32,  "courseQuality": 2.97,  "courseDifficulty": 1.68,  "instructorQuality": 3.21 }
{  "course": "CIS-125-401",  "instructor": "CHRISTOPHER S YOO",  "enrollment": 32,  "courseQuality": 2.97,  "courseDifficulty": 1.68,  "instructorQuality": 3.14 }
{  "course": "CIS-125-401",  "instructor": "MATTHEW BLAZE",  "enrollment": 10,  "courseQuality": 3.38,  "courseDifficulty": 2.50,  "instructorQuality": 3.13 }
{  "course": "CIS-125-401",  "instructor": "JONATHAN MICHAEL SMITH",  "enrollment": 23,  "courseQuality": 3.05,  "courseDifficulty": 2.00,  "instructorQuality": 2.95 }
{  "course": "CIS-125-401",  "instructor": "MATTHEW BLAZE",  "enrollment": 23,  "courseQuality": 3.05,  "courseDifficulty": 2.00,  "instructorQuality": 3.36 }
{  "course": "CIS-125-401",  "instructor": "MATTHEW BLAZE",  "enrollment": 15,  "courseQuality": 3.00,  "courseDifficulty": 1.64,  "instructorQuality": 3.45 }
{  "course": "CIS-125-401",  "instructor": "JONATHAN MICHAEL SMITH",  "enrollment": 27,  "courseQuality": 2.91,  "courseDifficulty": 1.47,  "instructorQuality": 2.64 }
{  "course": "CIS-260-001",  "instructor": "ANI NENKOVA",  "enrollment": 58,  "courseQuality": 1.81,  "courseDifficulty": 2.80,  "instructorQuality": 1.81 }
{  "course": "CIS-260-910",  "instructor": "MAX MINTZ",  "enrollment": 21,  "courseQuality": 3.42,  "courseDifficulty": 3.11,  "instructorQuality": 3.79 }
{  "course": "CIS-260-001",  "instructor": "JEAN HENRI GALLIER",  "enrollment": 48,  "courseQuality": 2.00,  "courseDifficulty": 3.46,  "instructorQuality": 2.94 }
{  "course": "CIS-260-910",  "instructor": "MAX MINTZ",  "enrollment": 18,  "courseQuality": 3.41,  "courseDifficulty": 3.24,  "instructorQuality": 3.76 }
{  "course": "CIS-260-001",  "instructor": "SAMPATH K. KANNAN",  "enrollment": 102,  "courseQuality": 3.10,  "courseDifficulty": 3.00,  "instructorQuality": 3.67 }
{  "course": "CIS-277-001",  "instructor": "JAN ALLBECK",  "enrollment": 44,  "courseQuality": 2.64,  "courseDifficulty": 3.47,  "instructorQuality": 1.74 }
{  "course": "CIS-277-001",  "instructor": "NORMAN I BADLER",  "enrollment": 44,  "courseQuality": 2.64,  "courseDifficulty": 3.47,  "instructorQuality": 2.95 }
{  "course": "CIS-277-001",  "instructor": "NORMAN I BADLER",  "enrollment": 30,  "courseQuality": 3.26,  "courseDifficulty": 3.17,  "instructorQuality": 3.35 }
{  "course": "CIS-277-001",  "instructor": "NORMAN I BADLER",  "enrollment": 34,  "courseQuality": 2.93,  "courseDifficulty": 3.38,  "instructorQuality": 2.81 }
{  "course": "CIS-277-001",  "instructor": "CORY D. BOATRIGHT",  "enrollment": 34,  "courseQuality": 2.93,  "courseDifficulty": 3.38,  "instructorQuality": 2.63 }
{  "course": "CIS-277-001",  "instructor": "NORMAN I BADLER",  "enrollment": 36,  "courseQuality": 2.81,  "courseDifficulty": 3.28,  "instructorQuality": 2.69 }
{  "course": "CIS-277-001",  "instructor": "CHRISTOPHER E. CZYZEWICZ",  "enrollment": 36,  "courseQuality": 2.81,  "courseDifficulty": 3.28,  "instructorQuality": 3.47 }
{  "course": "CIS-277-001",  "instructor": "NORMAN I BADLER",  "enrollment": 62,  "courseQuality": 2.32,  "courseDifficulty": 3.64,  "instructorQuality": 2.14 }
{  "course": "CIS-277-001",  "instructor": "CORY D. BOATRIGHT",  "enrollment": 62,  "courseQuality": 2.32,  "courseDifficulty": 3.64,  "instructorQuality": 1.72 }
{  "course": "CIS-277-001",  "instructor": "NORMAN I BADLER",  "enrollment": 30,  "courseQuality": 2.83,  "courseDifficulty": 3.47,  "instructorQuality": 2.72 }
{  "course": "CIS-277-001",  "instructor": "CORY D. BOATRIGHT",  "enrollment": 30,  "courseQuality": 2.83,  "courseDifficulty": 3.47,  "instructorQuality": 2.32 }
{  "course": "CIS-277-001",  "instructor": "NORMAN I BADLER",  "enrollment": 40,  "courseQuality": 2.61,  "courseDifficulty": 3.67,  "instructorQuality": 2.46 }
{  "course": "CIS-277-001",  "instructor": "BENEDICT BROWN",  "enrollment": 40,  "courseQuality": 2.61,  "courseDifficulty": 3.67,  "instructorQuality": 2.43 }
{  "course": "CIS-320-001",  "instructor": "SANJEEV KHANNA",  "enrollment": 63,  "courseQuality": 2.91,  "courseDifficulty": 3.61,  "instructorQuality": 3.48 }
{  "course": "CIS-320-001",  "instructor": "SANJEEV KHANNA",  "enrollment": 76,  "courseQuality": 2.81,  "courseDifficulty": 3.58,  "instructorQuality": 3.35 }
{  "course": "CIS-320-001",  "instructor": "SANJEEV KHANNA",  "enrollment": 93,  "courseQuality": 2.90,  "courseDifficulty": 3.76,  "instructorQuality": 3.26 }
{  "course": "CIS-320-001",  "instructor": "SANJEEV KHANNA",  "enrollment": 98,  "courseQuality": 3.09,  "courseDifficulty": 3.68,  "instructorQuality": 3.43 }
{  "course": "CIS-320-001",  "instructor": "SANJEEV KHANNA",  "enrollment": 115,  "courseQuality": 3.14,  "courseDifficulty": 3.72,  "instructorQuality": 3.49 }
{  "course": "CIS-320-001",  "instructor": "RAJIV GANDHI",  "enrollment": 145,  "courseQuality": 3.30,  "courseDifficulty": 3.71,  "instructorQuality": 3.61 }
{  "course": "CIS-320-001",  "instructor": "SANJEEV KHANNA",  "enrollment": 184,  "courseQuality": 2.82,  "courseDifficulty": 3.64,  "instructorQuality": 3.17 }
{  "course": "CIS-371-001",  "instructor": "MILO M. K. MARTIN",  "enrollment": 40,  "courseQuality": 2.94,  "courseDifficulty": 2.91,  "instructorQuality": 3.18 }
{  "course": "CIS-371-001",  "instructor": "MILO M. K. MARTIN",  "enrollment": 47,  "courseQuality": 2.89,  "courseDifficulty": 2.94,  "instructorQuality": 3.14 }
{  "course": "CIS-371-001",  "instructor": "MILO M. K. MARTIN",  "enrollment": 57,  "courseQuality": 2.67,  "courseDifficulty": 3.49,  "instructorQuality": 3.04 }
{  "course": "CIS-371-001",  "instructor": "AMIR ROTH",  "enrollment": 45,  "courseQuality": 3.00,  "courseDifficulty": 3.51,  "instructorQuality": 3.21 }
{  "course": "CIS-371-001",  "instructor": "MILO M. K. MARTIN",  "enrollment": 59,  "courseQuality": 2.87,  "courseDifficulty": 3.41,  "instructorQuality": 3.47 }
{  "course": "CIS-371-001",  "instructor": "MILO M. K. MARTIN",  "enrollment": 79,  "courseQuality": 3.06,  "courseDifficulty": 3.19,  "instructorQuality": 3.42 }
{  "course": "CIS-371-001",  "instructor": "CAMILLO JOSE TAYLOR",  "enrollment": 101,  "courseQuality": 2.39,  "courseDifficulty": 3.53,  "instructorQuality": 2.85 }
{  "course": "CIS-372-101",  "instructor": "AMIR ROTH",  "enrollment": 38,  "courseQuality": 2.85,  "courseDifficulty": 3.47,  "instructorQuality": 3.24 }
{  "course": "CIS-398-001",  "instructor": "MAX MINTZ",  "enrollment": 6,  "courseQuality": 3.83,  "courseDifficulty": 3.00,  "instructorQuality": 3.83 }
{  "course": "CIS-398-001",  "instructor": "MAX MINTZ",  "enrollment": 7,  "courseQuality": 3.86,  "courseDifficulty": 2.71,  "instructorQuality": 4.00 }
{  "course": "CIS-398-001",  "instructor": "MAX MINTZ",  "enrollment": 14,  "courseQuality": 3.21,  "courseDifficulty": 2.69,  "instructorQuality": 3.50 }
{  "course": "CIS-398-001",  "instructor": "MAX MINTZ",  "enrollment": 13,  "courseQuality": 3.08,  "courseDifficulty": 3.20,  "instructorQuality": 3.62 }
{  "course": "CIS-398-001",  "instructor": "MAX MINTZ",  "enrollment": 5,  "courseQuality": 3.75,  "courseDifficulty": 3.67,  "instructorQuality": 4.00 }
{  "course": "CIS-398-001",  "instructor": "MAX MINTZ",  "enrollment": 10,  "courseQuality": 2.70,  "courseDifficulty": 2.33,  "instructorQuality": 3.30 }
{  "course": "CIS-398-001",  "instructor": "MAX MINTZ",  "enrollment": 11,  "courseQuality": 3.36,  "courseDifficulty": 2.67,  "instructorQuality": 3.36 }
{  "course": "CIS-401-001",  "instructor": "INSUP LEE",  "enrollment": 36,  "courseQuality": 2.21,  "courseDifficulty": 2.74,  "instructorQuality": 2.18 }
{  "course": "CIS-401-001",  "instructor": "CAMILLO JOSE TAYLOR",  "enrollment": 33,  "courseQuality": 2.56,  "courseDifficulty": 3.15,  "instructorQuality": 2.96 }
{  "course": "CIS-401-001",  "instructor": "INSUP LEE",  "enrollment": 27,  "courseQuality": 1.45,  "courseDifficulty": 3.05,  "instructorQuality": 1.74 }
{  "course": "CIS-401-001",  "instructor": "INSUP LEE",  "enrollment": 44,  "courseQuality": 2.30,  "courseDifficulty": 2.95,  "instructorQuality": 2.35 }
{  "course": "CIS-401-001",  "instructor": "INSUP LEE",  "enrollment": 33,  "courseQuality": 2.00,  "courseDifficulty": 2.24,  "instructorQuality": 2.18 }
{  "course": "CIS-401-001",  "instructor": "INSUP LEE",  "enrollment": 59,  "courseQuality": 1.74,  "courseDifficulty": 2.30,  "instructorQuality": 1.96 }
{  "course": "CIS-401-001",  "instructor": "INSUP LEE",  "enrollment": 68,  "courseQuality": 1.40,  "courseDifficulty": 2.24,  "instructorQuality": 1.45 }
{  "course": "CIS-455-401",  "instructor": "ZACHARY G. IVES",  "enrollment": 29,  "courseQuality": 3.67,  "courseDifficulty": 3.19,  "instructorQuality": 3.52 }
{  "course": "CIS-455-401",  "instructor": "ZACHARY G. IVES",  "enrollment": 11,  "courseQuality": 3.36,  "courseDifficulty": 3.64,  "instructorQuality": 3.55 }
{  "course": "CIS-455-401",  "instructor": "ANDREAS HAEBERLEN",  "enrollment": 51,  "courseQuality": 3.14,  "courseDifficulty": 3.48,  "instructorQuality": 3.17 }
{  "course": "CIS-455-401",  "instructor": "ZACHARY G. IVES",  "enrollment": 39,  "courseQuality": 3.36,  "courseDifficulty": 3.39,  "instructorQuality": 3.58 }
{  "course": "CIS-455-401",  "instructor": "ANDREAS HAEBERLEN",  "enrollment": 88,  "courseQuality": 3.45,  "courseDifficulty": 3.62,  "instructorQuality": 3.19 }
{  "course": "CIS-455-401",  "instructor": "ANDREAS HAEBERLEN",  "enrollment": 92,  "courseQuality": 3.45,  "courseDifficulty": 3.59,  "instructorQuality": 3.29 }
{  "course": "CIS-455-401",  "instructor": "ANDREAS HAEBERLEN",  "enrollment": 88,  "courseQuality": 3.57,  "courseDifficulty": 3.67,  "instructorQuality": 3.61 }
{  "course": "CIS-563-001",  "instructor": "ALLA SAFONOVA",  "enrollment": 30,  "courseQuality": 2.69,  "courseDifficulty": 3.79,  "instructorQuality": 2.38 }
{  "course": "CIS-563-001",  "instructor": "ALLA SAFONOVA",  "enrollment": 20,  "courseQuality": 3.18,  "courseDifficulty": 3.33,  "instructorQuality": 3.00 }
{  "course": "CIS-563-001",  "instructor": "JOSEPH THEODORE KIDER",  "enrollment": 35,  "courseQuality": 3.24,  "courseDifficulty": 3.19,  "instructorQuality": 3.41 }
{  "course": "CIS-563-001",  "instructor": "ALLA SAFONOVA",  "enrollment": 19,  "courseQuality": 3.28,  "courseDifficulty": 3.38,  "instructorQuality": 2.94 }
{  "course": "CIS-563-001",  "instructor": "JOSEPH THEODORE KIDER",  "enrollment": 40,  "courseQuality": 3.17,  "courseDifficulty": 2.93,  "instructorQuality": 3.31 }
{  "course": "CIS-563-001",  "instructor": "LADISLAV KAVAN",  "enrollment": 36,  "courseQuality": 2.81,  "courseDifficulty": 3.19,  "instructorQuality": 2.84 }
{  "course": "CIS-563-001",  "instructor": "LADISLAV KAVAN",  "enrollment": 39,  "courseQuality": 2.06,  "courseDifficulty": 2.72,  "instructorQuality": 2.32 }
{  "course": "CIS-106-401",  "instructor": "CLARK LOWDEN ERICKSON",  "enrollment": 11,  "courseQuality": 2.11,  "courseDifficulty": 2.38,  "instructorQuality": 3.00 }
{  "course": "CIS-106-401",  "instructor": "NORMAN I BADLER",  "enrollment": 11,  "courseQuality": 2.11,  "courseDifficulty": 2.38,  "instructorQuality": 2.33 }
{  "course": "CIS-106-401",  "instructor": "CLARK LOWDEN ERICKSON",  "enrollment": 21,  "courseQuality": 1.94,  "courseDifficulty": 2.13,  "instructorQuality": 2.17 }
{  "course": "CIS-106-401",  "instructor": "NORMAN I BADLER",  "enrollment": 21,  "courseQuality": 1.94,  "courseDifficulty": 2.13,  "instructorQuality": 2.50 }
{  "course": "CIS-160-001",  "instructor": "JEAN HENRI GALLIER",  "enrollment": 88,  "courseQuality": 1.73,  "courseDifficulty": 3.48,  "instructorQuality": 2.50 }
{  "course": "CIS-160-910",  "instructor": "MAX MINTZ",  "enrollment": 11,  "courseQuality": 3.50,  "courseDifficulty": 3.29,  "instructorQuality": 3.50 }
{  "course": "CIS-160-001",  "instructor": "ANI NENKOVA",  "enrollment": 62,  "courseQuality": 1.90,  "courseDifficulty": 2.84,  "instructorQuality": 1.85 }
{  "course": "CIS-160-001",  "instructor": "JEAN HENRI GALLIER",  "enrollment": 84,  "courseQuality": 1.82,  "courseDifficulty": 3.23,  "instructorQuality": 2.24 }
{  "course": "CIS-160-001",  "instructor": "MAX MINTZ",  "enrollment": 118,  "courseQuality": 2.57,  "courseDifficulty": 3.43,  "instructorQuality": 2.96 }
{  "course": "CIS-160-910",  "instructor": "MAX MINTZ",  "enrollment": 27,  "courseQuality": 3.42,  "courseDifficulty": 3.16,  "instructorQuality": 3.45 }
{  "course": "CIS-160-001",  "instructor": "ANI NENKOVA",  "enrollment": 49,  "courseQuality": 1.45,  "courseDifficulty": 2.78,  "instructorQuality": 1.02 }
{  "course": "CIS-160-001",  "instructor": "MAX MINTZ",  "enrollment": 111,  "courseQuality": 2.51,  "courseDifficulty": 3.17,  "instructorQuality": 2.98 }
{  "course": "CIS-160-910",  "instructor": "MAX MINTZ",  "enrollment": 15,  "courseQuality": 3.25,  "courseDifficulty": 3.40,  "instructorQuality": 3.67 }
{  "course": "CIS-160-001",  "instructor": "VAL BREAZU TANNEN",  "enrollment": 120,  "courseQuality": 2.40,  "courseDifficulty": 3.41,  "instructorQuality": 2.61 }
{  "course": "CIS-160-001",  "instructor": "MAX MINTZ",  "enrollment": 128,  "courseQuality": 2.67,  "courseDifficulty": 3.47,  "instructorQuality": 3.27 }
{  "course": "CIS-160-001",  "instructor": "SAMPATH K. KANNAN",  "enrollment": 168,  "courseQuality": 2.07,  "courseDifficulty": 3.50,  "instructorQuality": 2.51 }
{  "course": "CIS-160-001",  "instructor": "VAL BREAZU TANNEN",  "enrollment": 138,  "courseQuality": 2.36,  "courseDifficulty": 3.15,  "instructorQuality": 2.48 }
{  "course": "CIS-160-001",  "instructor": "RAJIV GANDHI",  "enrollment": 189,  "courseQuality": 3.40,  "courseDifficulty": 3.76,  "instructorQuality": 3.75 }
{  "course": "CIS-540-001",  "instructor": "RAJEEV S. ALUR",  "enrollment": 19,  "courseQuality": 2.59,  "courseDifficulty": 2.24,  "instructorQuality": 3.06 }
{  "course": "CIS-540-001",  "instructor": "RAJEEV S. ALUR",  "enrollment": 27,  "courseQuality": 2.62,  "courseDifficulty": 2.72,  "instructorQuality": 2.92 }
{  "course": "CIS-540-001",  "instructor": "RAJEEV S. ALUR",  "enrollment": 21,  "courseQuality": 2.25,  "courseDifficulty": 2.22,  "instructorQuality": 2.85 }
{  "course": "CIS-540-001",  "instructor": "RAJEEV S. ALUR",  "enrollment": 23,  "courseQuality": 2.28,  "courseDifficulty": 2.88,  "instructorQuality": 2.89 }
{  "course": "CIS-540-001",  "instructor": "RAJEEV S. ALUR",  "enrollment": 40,  "courseQuality": 2.33,  "courseDifficulty": 2.46,  "instructorQuality": 2.90 }
{  "course": "CIS-581-001",  "instructor": "JIANBO SHI",  "enrollment": 24,  "courseQuality": 3.04,  "courseDifficulty": 2.86,  "instructorQuality": 3.13 }
{  "course": "CIS-581-001",  "instructor": "JIANBO SHI",  "enrollment": 35,  "courseQuality": 3.37,  "courseDifficulty": 2.30,  "instructorQuality": 3.48 }
{  "course": "CIS-581-001",  "instructor": "JIANBO SHI",  "enrollment": 47,  "courseQuality": 2.87,  "courseDifficulty": 2.51,  "instructorQuality": 2.92 }
{  "course": "CIS-581-001",  "instructor": "JIANBO SHI",  "enrollment": 43,  "courseQuality": 2.74,  "courseDifficulty": 2.66,  "instructorQuality": 2.89 }
{  "course": "CIS-581-001",  "instructor": "JIANBO SHI",  "enrollment": 50,  "courseQuality": 3.15,  "courseDifficulty": 2.81,  "instructorQuality": 3.22 }
{  "course": "CIS-581-001",  "instructor": "JIANBO SHI",  "enrollment": 58,  "courseQuality": 2.77,  "courseDifficulty": 2.59,  "instructorQuality": 2.72 }
{  "course": "TCOM-512-001",  "instructor": "MICHAEL B. GREENWALD",  "enrollment": 23,  "courseQuality": 2.09,  "courseDifficulty": 3.48,  "instructorQuality": 2.57 }
{  "course": "TCOM-512-001",  "instructor": "FAROOQ ANJUM",  "enrollment": 19,  "courseQuality": 2.54,  "courseDifficulty": 2.62,  "instructorQuality": 2.38 }
{  "course": "TCOM-512-001",  "instructor": "FAROOQ ANJUM",  "enrollment": 26,  "courseQuality": 1.48,  "courseDifficulty": 2.84,  "instructorQuality": 1.76 }
{  "course": "TCOM-512-001",  "instructor": "THOMAS WOO",  "enrollment": 20,  "courseQuality": 2.44,  "courseDifficulty": 3.00,  "instructorQuality": 2.63 }
{  "course": "TCOM-512-001",  "instructor": "THOMAS WOO",  "enrollment": 20,  "courseQuality": 2.16,  "courseDifficulty": 2.95,  "instructorQuality": 2.11 }
{  "course": "TCOM-512-401",  "instructor": "BOON THAU LOO",  "enrollment": 69,  "courseQuality": 2.66,  "courseDifficulty": 2.97,  "instructorQuality": 2.53 }
{  "course": "TCOM-512-401",  "instructor": "BOON THAU LOO",  "enrollment": 72,  "courseQuality": 3.15,  "courseDifficulty": 2.82,  "instructorQuality": 3.10 }
{  "course": "TCOM-512-401",  "instructor": "BOON THAU LOO",  "enrollment": 81,  "courseQuality": 3.00,  "courseDifficulty": 3.04,  "instructorQuality": 2.99 }
{  "course": "CIS-341-001",  "instructor": "STEPHAN A. ZDANCEWIC",  "enrollment": 15,  "courseQuality": 3.69,  "courseDifficulty": 3.62,  "instructorQuality": 3.77 }
{  "course": "CIS-341-001",  "instructor": "STEPHAN A. ZDANCEWIC",  "enrollment": 24,  "courseQuality": 3.41,  "courseDifficulty": 3.24,  "instructorQuality": 3.59 }
{  "course": "CIS-341-001",  "instructor": "STEPHAN A. ZDANCEWIC",  "enrollment": 41,  "courseQuality": 3.15,  "courseDifficulty": 3.48,  "instructorQuality": 3.36 }
{  "course": "CIS-399-001",  "instructor": "JEAN GRIFFIN",  "enrollment": 34,  "courseQuality": 2.80,  "courseDifficulty": 1.83,  "instructorQuality": 3.13 }
{  "course": "CIS-399-001",  "instructor": "JIANBO SHI",  "enrollment": 8,  "courseQuality": 3.75,  "courseDifficulty": 2.50,  "instructorQuality": 3.75 }
{  "course": "CIS-399-002",  "instructor": "ANDREW D. HILTON",  "enrollment": 24,  "courseQuality": 2.78,  "courseDifficulty": 2.06,  "instructorQuality": 3.22 }
{  "course": "CIS-399-004",  "instructor": "RYAN M. GABBARD",  "enrollment": 33,  "courseQuality": 3.14,  "courseDifficulty": 1.91,  "instructorQuality": 3.36 }
{  "course": "CIS-399-005",  "instructor": "JEFFREY A. VAUGHAN",  "enrollment": 13,  "courseQuality": 2.31,  "courseDifficulty": 2.00,  "instructorQuality": 2.62 }
{  "course": "CIS-399-006",  "instructor": "JEFFREY NIMEROFF",  "enrollment": 26,  "courseQuality": 2.14,  "courseDifficulty": 2.27,  "instructorQuality": 2.45 }
{  "course": "CIS-399-002",  "instructor": "ZACHARY G. IVES",  "enrollment": 11,  "courseQuality": 3.36,  "courseDifficulty": 2.82,  "instructorQuality": 3.55 }
{  "course": "CIS-399-002",  "instructor": "ANDREAS HAEBERLEN",  "enrollment": 11,  "courseQuality": 3.36,  "courseDifficulty": 2.82,  "instructorQuality": 3.45 }
{  "course": "CIS-399-001",  "instructor": "AARON L ROTH",  "enrollment": 6,  "courseQuality": 3.67,  "courseDifficulty": 3.00,  "instructorQuality": 3.67 }
{  "course": "CIS-399-003",  "instructor": "BRENT A. YORGEY",  "enrollment": 16,  "courseQuality": 3.77,  "courseDifficulty": 3.00,  "instructorQuality": 3.92 }
{  "course": "CIS-399-001",  "instructor": "CHRIS CALLISON-BURCH",  "enrollment": 26,  "courseQuality": 3.11,  "courseDifficulty": 1.59,  "instructorQuality": 3.47 }
{  "course": "CIS-399-001",  "instructor": "SUDIPTO GUHA",  "enrollment": 6,  "courseQuality": 2.75,  "courseDifficulty": 2.33,  "instructorQuality": 3.50 }
{  "course": "CIS-399-002",  "instructor": "CHRISTIAN MURPHY",  "enrollment": 6,  "courseQuality": 2.67,  "courseDifficulty": 2.60,  "instructorQuality": 3.67 }
{  "course": "CIS-399-001",  "instructor": "CHRISTIAN MURPHY",  "enrollment": 7,  "courseQuality": 3.43,  "courseDifficulty": 2.00,  "instructorQuality": 4.00 }
{  "course": "CIS-430-001",  "instructor": "ANI NENKOVA",  "enrollment": 5,  "courseQuality": 3.25,  "courseDifficulty": 3.00,  "instructorQuality": 2.75 }
{  "course": "CIS-430-001",  "instructor": "ANI NENKOVA",  "enrollment": 3,  "courseQuality": 3.00,  "courseDifficulty": 3.00,  "instructorQuality": 3.00 }
{  "course": "CIS-430-001",  "instructor": "ANI NENKOVA",  "enrollment": 9,  "courseQuality": 2.13,  "courseDifficulty": 3.00,  "instructorQuality": 2.25 }
{  "course": "CIS-562-001",  "instructor": "STEPHEN LANE",  "enrollment": 30,  "courseQuality": 3.27,  "courseDifficulty": 3.00,  "instructorQuality": 3.18 }
{  "course": "PSYC-107-920",  "instructor": "THOMAS YAO-YU LEE",  "enrollment": 18,  "courseQuality": 2.87,  "courseDifficulty": 2.57,  "instructorQuality": 2.93 }
{  "course": "PSYC-107-920",  "instructor": "THOMAS YAO-YU LEE",  "enrollment": 21,  "courseQuality": 2.79,  "courseDifficulty": 2.21,  "instructorQuality": 3.00 }
{  "course": "CIS-552-001",  "instructor": "BENJAMIN C. PIERCE",  "enrollment": 25,  "courseQuality": 3.43,  "courseDifficulty": 3.13,  "instructorQuality": 3.87 }
{  "course": "CIS-552-001",  "instructor": "STEPHANIE WEIRICH",  "enrollment": 34,  "courseQuality": 2.96,  "courseDifficulty": 2.85,  "instructorQuality": 3.14 }
{  "course": "CIS-552-001",  "instructor": "STEPHANIE WEIRICH",  "enrollment": 43,  "courseQuality": 3.26,  "courseDifficulty": 3.09,  "instructorQuality": 3.24 }
{  "course": "CIS-552-001",  "instructor": "STEPHANIE WEIRICH",  "enrollment": 36,  "courseQuality": 3.33,  "courseDifficulty": 3.33,  "instructorQuality": 3.56 }
{  "course": "CIS-552-001",  "instructor": "BENJAMIN C. PIERCE",  "enrollment": 42,  "courseQuality": 2.92,  "courseDifficulty": 3.13,  "instructorQuality": 3.35 }
{  "course": "CIS-191-001",  "instructor": "SAMUEL PANZER",  "enrollment": 28,  "courseQuality": 3.00,  "courseDifficulty": 2.05,  "instructorQuality": 3.17 }
{  "course": "CIS-191-001",  "instructor": "PERRY E. METZGER",  "enrollment": 39,  "courseQuality": 2.32,  "courseDifficulty": 2.71,  "instructorQuality": 2.49 }
{  "course": "CIS-191-001",  "instructor": "BOON THAU LOO",  "enrollment": 91,  "courseQuality": 3.44,  "courseDifficulty": 1.44,  "instructorQuality": 3.42 }
{  "course": "CIS-191-001",  "instructor": "BOON THAU LOO",  "enrollment": 33,  "courseQuality": 3.36,  "courseDifficulty": 1.74,  "instructorQuality": 3.41 }
{  "course": "CIS-191-001",  "instructor": "BOON THAU LOO",  "enrollment": 39,  "courseQuality": 2.86,  "courseDifficulty": 2.16,  "instructorQuality": 2.79 }
{  "course": "CIS-191-001",  "instructor": "BOON THAU LOO",  "enrollment": 30,  "courseQuality": 3.15,  "courseDifficulty": 2.24,  "instructorQuality": 2.74 }
{  "course": "CIS-191-001",  "instructor": "SWAPNEEL SHETH",  "enrollment": 19,  "courseQuality": 3.27,  "courseDifficulty": 2.20,  "instructorQuality": 2.50 }
{  "course": "CIS-191-001",  "instructor": "SWAPNEEL SHETH",  "enrollment": 26,  "courseQuality": 3.17,  "courseDifficulty": 1.79,  "instructorQuality": 3.05 }
{  "course": "CIS-192-001",  "instructor": "CONSTANTINE E. LIGNOS",  "enrollment": 33,  "courseQuality": 3.00,  "courseDifficulty": 2.38,  "instructorQuality": 3.38 }
{  "course": "CIS-192-001",  "instructor": "ADAM J. AVIV",  "enrollment": 35,  "courseQuality": 2.39,  "courseDifficulty": 2.59,  "instructorQuality": 2.52 }
{  "course": "CIS-192-001",  "instructor": "CONSTANTINE E. LIGNOS",  "enrollment": 50,  "courseQuality": 2.90,  "courseDifficulty": 2.70,  "instructorQuality": 3.19 }
{  "course": "CIS-192-001",  "instructor": "BOON THAU LOO",  "enrollment": 36,  "courseQuality": 2.76,  "courseDifficulty": 2.11,  "instructorQuality": 3.04 }
{  "course": "CIS-192-001",  "instructor": "SWAPNEEL SHETH",  "enrollment": 28,  "courseQuality": 2.71,  "courseDifficulty": 1.86,  "instructorQuality": 2.57 }
{  "course": "CIS-192-001",  "instructor": "SWAPNEEL SHETH",  "enrollment": 28,  "courseQuality": 2.41,  "courseDifficulty": 1.64,  "instructorQuality": 2.56 }
{  "course": "CIS-193-001",  "instructor": "PETER-MICHAEL S. OSERA",  "enrollment": 18,  "courseQuality": 3.19,  "courseDifficulty": 2.27,  "instructorQuality": 3.38 }
{  "course": "CIS-193-001",  "instructor": "PETER-MICHAEL S. OSERA",  "enrollment": 14,  "courseQuality": 3.07,  "courseDifficulty": 2.15,  "instructorQuality": 3.29 }
{  "course": "CIS-497-001",  "instructor": "NORMAN I BADLER",  "enrollment": 13,  "courseQuality": 3.23,  "courseDifficulty": 3.42,  "instructorQuality": 3.17 }
{  "course": "CIS-497-001",  "instructor": "NORMAN I BADLER",  "enrollment": 12,  "courseQuality": 3.00,  "courseDifficulty": 4.00,  "instructorQuality": 3.00 }
{  "course": "CIS-497-001",  "instructor": "JOSEPH THEODORE KIDER",  "enrollment": 12,  "courseQuality": 3.00,  "courseDifficulty": 4.00,  "instructorQuality": 3.33 }
{  "course": "CIS-497-001",  "instructor": "NORMAN I BADLER",  "enrollment": 3,  "courseQuality": 3.33,  "courseDifficulty": 3.00,  "instructorQuality": 3.33 }
{  "course": "CIS-497-001",  "instructor": "NORMAN I BADLER",  "enrollment": 16,  "courseQuality": 2.92,  "courseDifficulty": 3.38,  "instructorQuality": 3.00 }
{  "course": "CIS-497-001",  "instructor": "NORMAN I BADLER",  "enrollment": 7,  "courseQuality": 2.67,  "courseDifficulty": 3.00,  "instructorQuality": 3.33 }
{  "course": "CIS-497-001",  "instructor": "NORMAN I BADLER",  "enrollment": 15,  "courseQuality": 2.62,  "courseDifficulty": 3.08,  "instructorQuality": 3.00 }
{  "course": "CIS-542-001",  "instructor": "CHRISTIAN MURPHY",  "enrollment": 32,  "courseQuality": 2.55,  "courseDifficulty": 2.26,  "instructorQuality": 2.87 }
{  "course": "CIS-542-920",  "instructor": "CHRISTIAN MURPHY",  "enrollment": 24,  "courseQuality": 3.13,  "courseDifficulty": 2.13,  "instructorQuality": 3.19 }
{  "course": "CIS-542-001",  "instructor": "CHRISTIAN MURPHY",  "enrollment": 82,  "courseQuality": 3.03,  "courseDifficulty": 2.14,  "instructorQuality": 3.36 }
{  "course": "CIS-542-910",  "instructor": "CHRISTIAN MURPHY",  "enrollment": 10,  "courseQuality": 3.71,  "courseDifficulty": 2.25,  "instructorQuality": 4.00 }
{  "course": "CIS-542-001",  "instructor": "MIROSLAV PAJIC",  "enrollment": 39,  "courseQuality": 2.41,  "courseDifficulty": 2.17,  "instructorQuality": 2.41 }
{  "course": "CIS-542-001",  "instructor": "ERNIE COHEN",  "enrollment": 38,  "courseQuality": 1.78,  "courseDifficulty": 2.49,  "instructorQuality": 2.51 }
{  "course": "CIS-542-001",  "instructor": "SHLOMO HERSHKOP",  "enrollment": 65,  "courseQuality": 1.29,  "courseDifficulty": 1.63,  "instructorQuality": 1.67 }
{  "course": "CIS-565-001",  "instructor": "PATRICK J COZZI",  "enrollment": 13,  "courseQuality": 3.36,  "courseDifficulty": 3.20,  "instructorQuality": 3.73 }
{  "course": "CIS-565-001",  "instructor": "JOSEPH THEODORE KIDER",  "enrollment": 10,  "courseQuality": 3.00,  "courseDifficulty": 2.80,  "instructorQuality": 3.20 }
{  "course": "CIS-565-001",  "instructor": "JOSEPH THEODORE KIDER",  "enrollment": 13,  "courseQuality": 3.18,  "courseDifficulty": 3.55,  "instructorQuality": 3.27 }
{  "course": "CIS-565-001",  "instructor": "PATRICK J COZZI",  "enrollment": 19,  "courseQuality": 2.94,  "courseDifficulty": 3.27,  "instructorQuality": 3.41 }
{  "course": "CIS-565-001",  "instructor": "PATRICK J COZZI",  "enrollment": 10,  "courseQuality": 3.90,  "courseDifficulty": 3.70,  "instructorQuality": 3.60 }
{  "course": "CIS-565-001",  "instructor": "PATRICK J COZZI",  "enrollment": 21,  "courseQuality": 3.92,  "courseDifficulty": 3.42,  "instructorQuality": 3.75 }
{  "course": "CIS-565-001",  "instructor": "PATRICK J COZZI",  "enrollment": 21,  "courseQuality": 3.12,  "courseDifficulty": 3.25,  "instructorQuality": 2.94 }
{  "course": "CIS-190-001",  "instructor": "PETER-MICHAEL S. OSERA",  "enrollment": 23,  "courseQuality": 3.05,  "courseDifficulty": 2.45,  "instructorQuality": 3.29 }
{  "course": "CIS-190-001",  "instructor": "ZACHARY ZARROW",  "enrollment": 36,  "courseQuality": 2.93,  "courseDifficulty": 2.57,  "instructorQuality": 3.17 }
{  "course": "CIS-190-001",  "instructor": "RICHARD A EISENBERG",  "enrollment": 19,  "courseQuality": 2.82,  "courseDifficulty": 2.07,  "instructorQuality": 3.18 }
{  "course": "CIS-190-001",  "instructor": "BOON THAU LOO",  "enrollment": 19,  "courseQuality": 2.62,  "courseDifficulty": 1.57,  "instructorQuality": 2.50 }
{  "course": "CIS-190-001",  "instructor": "SWAPNEEL SHETH",  "enrollment": 14,  "courseQuality": 2.55,  "courseDifficulty": 1.88,  "instructorQuality": 2.40 }
{  "course": "CIS-190-001",  "instructor": "SWAPNEEL SHETH",  "enrollment": 21,  "courseQuality": 2.33,  "courseDifficulty": 1.57,  "instructorQuality": 2.33 }
{  "course": "CIS-194-001",  "instructor": "BRENT A. YORGEY",  "enrollment": 12,  "courseQuality": 3.67,  "courseDifficulty": 2.45,  "instructorQuality": 3.83 }
{  "course": "CIS-194-001",  "instructor": "BRENT A. YORGEY",  "enrollment": 15,  "courseQuality": 3.69,  "courseDifficulty": 2.89,  "instructorQuality": 3.69 }
{  "course": "CIS-194-001",  "instructor": "BOON THAU LOO",  "enrollment": 27,  "courseQuality": 3.63,  "courseDifficulty": 2.90,  "instructorQuality": 3.65 }
{  "course": "CIS-194-001",  "instructor": "SWAPNEEL SHETH",  "enrollment": 14,  "courseQuality": 2.82,  "courseDifficulty": 2.80,  "instructorQuality": 2.91 }
{  "course": "CIS-441-401",  "instructor": "INSUP LEE",  "enrollment": 32,  "courseQuality": 1.83,  "courseDifficulty": 2.50,  "instructorQuality": 2.07 }
{  "course": "CIS-441-401",  "instructor": "INSUP LEE",  "enrollment": 38,  "courseQuality": 1.84,  "courseDifficulty": 2.21,  "instructorQuality": 2.14 }
{  "course": "CIS-441-401",  "instructor": "INSUP LEE",  "enrollment": 39,  "courseQuality": 1.64,  "courseDifficulty": 2.12,  "instructorQuality": 1.89 }
{  "course": "CIS-441-401",  "instructor": "INSUP LEE",  "enrollment": 51,  "courseQuality": 2.00,  "courseDifficulty": 2.05,  "instructorQuality": 2.19 }
{  "course": "CIS-441-401",  "instructor": "INSUP LEE",  "enrollment": 47,  "courseQuality": 1.14,  "courseDifficulty": 2.34,  "instructorQuality": 0.94 }
{  "course": "CIS-554-001",  "instructor": "DAVID LEE MATUSZEK",  "enrollment": 25,  "courseQuality": 2.85,  "courseDifficulty": 2.38,  "instructorQuality": 2.71 }
{  "course": "CIS-554-001",  "instructor": "DAVID LEE MATUSZEK",  "enrollment": 32,  "courseQuality": 2.41,  "courseDifficulty": 2.43,  "instructorQuality": 2.50 }
{  "course": "CIS-554-001",  "instructor": "DAVID LEE MATUSZEK",  "enrollment": 32,  "courseQuality": 2.71,  "courseDifficulty": 2.53,  "instructorQuality": 2.58 }
{  "course": "CIS-554-001",  "instructor": "DAVID LEE MATUSZEK",  "enrollment": 25,  "courseQuality": 2.56,  "courseDifficulty": 2.61,  "instructorQuality": 2.35 }
{  "course": "CIS-554-001",  "instructor": "DAVID LEE MATUSZEK",  "enrollment": 35,  "courseQuality": 2.29,  "courseDifficulty": 2.32,  "instructorQuality": 2.14 }
{  "course": "CIS-568-001",  "instructor": "BENJAMIN SUNSHINE-HILL",  "enrollment": 9,  "courseQuality": 3.86,  "courseDifficulty": 2.80,  "instructorQuality": 3.43 }
{  "course": "CIS-568-001",  "instructor": "STEPHEN LANE",  "enrollment": 11,  "courseQuality": 2.88,  "courseDifficulty": 2.43,  "instructorQuality": 2.88 }
{  "course": "CIS-568-001",  "instructor": "MUBBASIR TURAB KAPADIA",  "enrollment": 11,  "courseQuality": 2.88,  "courseDifficulty": 2.43,  "instructorQuality": 3.25 }
{  "course": "CIS-568-920",  "instructor": "STEPHEN LANE",  "enrollment": 10,  "courseQuality": 3.25,  "courseDifficulty": 2.75,  "instructorQuality": 2.75 }
{  "course": "CIS-568-001",  "instructor": "STEPHEN LANE",  "enrollment": 7,  "courseQuality": 2.71,  "courseDifficulty": 2.75,  "instructorQuality": 3.43 }
{  "course": "CIS-568-001",  "instructor": "STEPHEN LANE",  "enrollment": 18,  "courseQuality": 2.94,  "courseDifficulty": 2.36,  "instructorQuality": 3.31 }
{  "course": "CIS-568-001",  "instructor": "STEPHEN LANE",  "enrollment": 19,  "courseQuality": 3.25,  "courseDifficulty": 2.45,  "instructorQuality": 3.42 }
{  "course": "CIS-568-001",  "instructor": "STEPHEN LANE",  "enrollment": 26,  "courseQuality": 2.63,  "courseDifficulty": 1.93,  "instructorQuality": 2.95 }
{  "course": "CIS-195-001",  "instructor": "JAMES SHIN YOUNG",  "enrollment": 21,  "courseQuality": 2.00,  "courseDifficulty": 2.20,  "instructorQuality": 2.46 }
{  "course": "CIS-195-001",  "instructor": "BOON THAU LOO",  "enrollment": 12,  "courseQuality": 2.90,  "courseDifficulty": 2.29,  "instructorQuality": 2.60 }
{  "course": "CIS-195-001",  "instructor": "BOON THAU LOO",  "enrollment": 19,  "courseQuality": 2.67,  "courseDifficulty": 2.67,  "instructorQuality": 2.67 }
{  "course": "CIS-195-001",  "instructor": "BOON THAU LOO",  "enrollment": 30,  "courseQuality": 2.73,  "courseDifficulty": 1.75,  "instructorQuality": 2.62 }
{  "course": "CIS-195-001",  "instructor": "SWAPNEEL SHETH",  "enrollment": 30,  "courseQuality": 2.19,  "courseDifficulty": 2.38,  "instructorQuality": 2.44 }
{  "course": "CIS-195-001",  "instructor": "SWAPNEEL SHETH",  "enrollment": 18,  "courseQuality": 2.13,  "courseDifficulty": 2.29,  "instructorQuality": 2.33 }
{  "course": "CIS-515-910",  "instructor": "JEAN HENRI GALLIER",  "enrollment": 10,  "courseQuality": 3.00,  "courseDifficulty": 3.40,  "instructorQuality": 3.20 }
{  "course": "CIS-515-001",  "instructor": "JEAN HENRI GALLIER",  "enrollment": 14,  "courseQuality": 3.09,  "courseDifficulty": 3.00,  "instructorQuality": 3.64 }
{  "course": "CIS-515-001",  "instructor": "JEAN HENRI GALLIER",  "enrollment": 23,  "courseQuality": 3.50,  "courseDifficulty": 3.27,  "instructorQuality": 3.63 }
{  "course": "CIS-515-001",  "instructor": "JEAN HENRI GALLIER",  "enrollment": 21,  "courseQuality": 2.87,  "courseDifficulty": 3.07,  "instructorQuality": 3.07 }
{  "course": "CIS-368-001",  "instructor": "JEFFREY NIMEROFF",  "enrollment": 16,  "courseQuality": 1.83,  "courseDifficulty": 1.10,  "instructorQuality": 2.00 }
{  "course": "CIS-534-001",  "instructor": "MILO M. K. MARTIN",  "enrollment": 21,  "courseQuality": 3.56,  "courseDifficulty": 2.44,  "instructorQuality": 3.63 }
{  "course": "CIS-541-001",  "instructor": "INSUP LEE",  "enrollment": 6,  "courseQuality": 3.00,  "courseDifficulty": 2.33,  "instructorQuality": 3.25 }
{  "course": "CIS-101-001",  "instructor": "JEAN GRIFFIN",  "enrollment": 15,  "courseQuality": 3.38,  "courseDifficulty": 1.67,  "instructorQuality": 2.92 }
{  "course": "CIS-196-001",  "instructor": "MATHEW THOMAS SCHAFFER",  "enrollment": 24,  "courseQuality": 2.67,  "courseDifficulty": 1.69,  "instructorQuality": 3.33 }
{  "course": "CIS-196-001",  "instructor": "MATHEW THOMAS SCHAFFER",  "enrollment": 36,  "courseQuality": 2.97,  "courseDifficulty": 1.76,  "instructorQuality": 3.38 }
{  "course": "CIS-196-001",  "instructor": "MATHEW THOMAS SCHAFFER",  "enrollment": 34,  "courseQuality": 2.72,  "courseDifficulty": 1.60,  "instructorQuality": 3.24 }
{  "course": "CIS-196-001",  "instructor": "BOON THAU LOO",  "enrollment": 22,  "courseQuality": 2.35,  "courseDifficulty": 1.60,  "instructorQuality": 2.35 }
{  "course": "CIS-196-001",  "instructor": "SWAPNEEL SHETH",  "enrollment": 22,  "courseQuality": 2.50,  "courseDifficulty": 1.25,  "instructorQuality": 2.47 }
{  "course": "MATH-571-401",  "instructor": "MICHAEL LIEBERMAN",  "enrollment": 3,  "courseQuality": 3.33,  "courseDifficulty": 3.00,  "instructorQuality": 3.33 }
{  "course": "MATH-571-401",  "instructor": "HENRY TOWSNER",  "enrollment": 9,  "courseQuality": 3.13,  "courseDifficulty": 2.57,  "instructorQuality": 3.63 }
{  "course": "CIS-197-001",  "instructor": "SWAPNEEL SHETH",  "enrollment": 17,  "courseQuality": 1.31,  "courseDifficulty": 1.70,  "instructorQuality": 1.83 }
{  "course": "CIS-197-001",  "instructor": "SWAPNEEL SHETH",  "enrollment": 13,  "courseQuality": 2.63,  "courseDifficulty": 2.40,  "instructorQuality": 2.29 }
{  "course": "CIS-331-001",  "instructor": "NADIA HENINGER",  "enrollment": 51,  "courseQuality": 3.00,  "courseDifficulty": 2.58,  "instructorQuality": 3.24 }
{  "course": "CIS-526-001",  "instructor": "CHRIS CALLISON-BURCH",  "enrollment": 25,  "courseQuality": 3.26,  "courseDifficulty": 2.86,  "instructorQuality": 3.48 }
{  "course": "CIS-419-401",  "instructor": "ERIC EATON",  "enrollment": 109,  "courseQuality": 2.25,  "courseDifficulty": 3.64,  "instructorQuality": 2.51 }
{  "course": "CIS-450-401",  "instructor": "VAL BREAZU TANNEN",  "enrollment": 104,  "courseQuality": 2.05,  "courseDifficulty": 2.29,  "instructorQuality": 2.14 }
{  "course": "CIS-460-401",  "instructor": "NORMAN I BADLER",  "enrollment": 52,  "courseQuality": 3.05,  "courseDifficulty": 3.26,  "instructorQuality": 3.03 }
{  "course": "CIS-559-001",  "instructor": "SWAPNEEL SHETH",  "enrollment": 16,  "courseQuality": 3.17,  "courseDifficulty": 1.64,  "instructorQuality": 3.36 }
